chicken rice,spicy,non-spicy,asian,chinese [ .::.: .:                                               
                                                                       ....   .. ....        .~?YYJJ?!?~:                                             
                                                                      ~???777????JYJ?7~.    .7JJY??7?JJYJ~^~^^~^:..                                   
                                                                ...^!!J?7?JYJJ?7JJY5Y5YJ!^!~^!?Y77?JYY?777?!~~^~^^!:                                  
                                            ..:::^^^^:::.:~7J5PPJ?YYY??7?JJYJYJJJ5YYY5YJY?JYYJJJJ?JJ7^:^::~!^^^^^^~?~                                 
                                     .:^~!7?JJJJJYYYYYYYYJJJYPY5JYY5YJJ7JJ???JY5YY77??J?JJJJJ77?JYYYJ!^^^~~~~~^^^^?J~                                 
                                 .:~!7JYYJYYYYYJJJJYYYYY55P5J^^?J5JJYJJYJJ?!JJJY5YJJ?77?JYYJJ77YYJ?YY??777??7!^^^^?!!.                                
                              .^!7JYYJYYYYYYYYYJJJJYYYYYYYYYPY.JP5J?JYYJJJYJYYY555Y?7?7?Y?7?JJ?7!77?77?7~~!~!77J???Y?.                                
                           .:^7JYYYYYYYYYYJ?YYYYYYYYYYYYYYYY5?^77!~~~~!??777!!!?JYJJJYJJJ??J??7!~!?!~!!^^~^^~^~?J?!?5Y7^.                             
                          :^7YYYYYYYYYYYYYY55YYYYYYYYY55YJ7~::::::~!7?7^:...::^^~~~~~!!?JJJYJYYJ?J!^^^^^^~!~~~~?Y?7?YGBGJ!:.                          
                         .^75YYYYYYYYYY555YYYYYYYYY55J7~:....:::^~~~!^...::^^~~~~~~~~!77??Y???YYYYJ?77?7?55YJ~~J5J???!^!^^^^!^                        
                         7.JYYYY5555555YY5YYYYYYY55JJ!~~~~~~^^:::^^......:^^^~~^^^^^~7?JJ7!:^!!7JYY55YY5Y5JJJ???7^^^:::....:^PJ^                      
                      .7G#!^?YYY55555555YYYYYYY5PJ777!777!!!~~~!??:.......^^^^::::^^!?5?^...:^~~~!!!7Y55YJ??J?Y?^:...:::....!B&BY~.                   
                    .?G&BJ77^^7Y?Y5555555555Y5PJ!^:::.::^^~!!!!7Y!:^^^^~^^^^:::^^~^^!YJ.....::~~~!77!!?55YJ?7^^...:::::..:~7!!7!!~~:                  
                   7P5PJ^~^!7??JJ?P!?J?!!777??~:::::^^^^::::^7J?:.::^!!777777!!~~~~~7Y~:....:^~~!77?77~7JY??7......:^^~!J?~^.....:^!:                 
                 ^P#GJ~~~J7!~~~!J7PJ7?Y5YYPY~:~!!^^^^^^^::^~7Y^ ......:^~7777777!!~^!?^::..::^^~~~!!!7~~!?7~!~~~!7???7?YJ^::....:!^~G!                
               ^^Y##5??~~!?7~~!^~7!5!775GBP~^7!^:::::::::~!J7^.........:^^^^^~~~!7777J!:....:::^^~~!!!!^:~~^!?7!~~~~7?J7:::.:~!7!~~P&&7               
               557~?J~?J!^^:::^:::.^7^:~GY^:^^~~!!!!!77!!7?5:...........:^^^^^~~~!777J?7~^^:.:^~~~~~~~~::^~!!7??????7~^~!77??7!~7?!?&BB!              
              5&BYJ^:~~7!^::....:::.!~^77~!!~~~!!77777???J5!:^::::.....::::^^~!!!!7!!!7?J7!7~::^~~~~~~^~~~7J?!!!?J?77??????7777??!~ 5&GG:             
            ~YYYP7!!^:.:~7!^::...:^^~?JJ77~^~~~!~~~~~^^::^~~~!777!!~~~^::..:^^^~~^^~~^::!JJ777~:~~~~~~~~~7??!~7!^^7!~!!!7!!777777~~.:#BBJ             
            PB?!~7!~~~~:..^!!^^^!~^^^^^!J!7!~^!!7777777!!^^::::^~~!!!777!!~^^^^^^~!!!!~^:.~J?77!^:^~~~~^~~!77~!?!^:^!????JJ??77!~~~. Y#GP^            
           7#BP?^^!~::^~~:^~~^::~..::!YY7:......^~77!!!!7!~~~^^~^^^:::^~!777~^~~!!!~~~!!!~^^!J?7!^:^~~~!7J?JJ:~!J7~~~~7?J??YJJY7~^.. !&GP!            
           PB#B!^..^!~:.:~J7~!^:^~~!7J!..........::~!!77!!!!~~^^~~~^^:::::^~!!!77^^~!7777!~^::!??!7~^~~?JGPYY7~!Y?::~~~JJJ?JJ?J?~^.. ~&BG7            
          :##&P.!!:..^!^:..^!?J!^^^:^!7YY?!7!!~~:...:^~^^^~!7!~^!!~~!~^^^::::~!777!77~!!!^~!!~~~77!J?~7J5B5J7J7!5J?JY55PY?JJJYYY!^.. !&#G7            
          !&#&5 .^7^..:~!^~~:^... .^. .:~7???777!~~!~^^^^^:.^7777?!~~!!!!!~^^!????J777!~~!!!!!~!!?7!YYJPP7!!77~??5GGGPPP5YYYYY5!^... J&#P7            
          !&#&P :~!?~...^!!?~......^7~...::^!???7!!~!!!~^^:...:~777??7~~!?!!!!?Y?!7J7J55?77!^^~!!!7J7P5PJ77???~~PBPJ7!!~^~~~~!YJ: ...B##J!            
          ~&#&B.:!~~77::~..!J7^.... :7?~..::::^~!777!!~~~~~~:....:~????!^!!!!7??7!JBB57!!77?^:^~~!JP7!?77????J!^5J~^^~!~:^^...^Y5:. ?&&GJ7            
          .B&#&! ^~~~!777...^?J!^.... .~!~^...::..:^^~!!~~!7!^:::...~7?YJ!!!7?7!7YPJ7??~~!!7~~~~!J!7Y7!7!7?????Y~~!!~!!^^~7^..^Y5? ~##&JY7.           
           Y&#&G..^~~~777!....^7!!^.... .:7Y7^:.......^5Y?7!!!!~^:::. .^!JJ!?77J5Y!~!777!7?7!!!7777^?5YY5YJJJ55Y?77!!7!~!~^..:YYJ~^B#&5J??:           
           :###&Y .~~~7?!77......:~~:. ... :!J?~:......:7YP5?7!!777~::.  :?Y??Y57~~!7?77???Y????!!77!^?BGY77!^^7!!^^^~?^^...~5BP~~BGBPJJ??^           
            7&##&J .^~~!77?!.......::!!..... :7J?7^.:....:~!7?J7!!?YY?!~:.:J5YY?7!~~!7J?7?Y5J7Y?Y?!?!!^7PJ^:...^^^^^^^:..^75B#5~?BGBPJJ???^           
             J&##&Y. .^~7?Y?^.........~?:......^7??7J::..::::^7JY?!!7JJ?77:77!???YYJ!!Y??5Y77!?J?J!?777~!P7:...^^....:~?5G#B5!!PBGB5JJ????^           
              5&###P^ ..:~7JY!.........~Y~:......75????J!!~:::.:^!!77!!77777~^~~^:!?7777!!~^^~~7^??7?JJ?JJ5J!~^^~~7J5GB#BPJ~~Y#GBGYJ??????:           
              :Y##GBBJ: ..:~?Y7~~:::....^J7~~~^:^:JYJJ???JYJ7!!77!7?J?7!??!^.~::.:::^^::.:^:.^^?~~7~~^~7~7!JYPBBBB#BBG5J!:^Y#&#B5JJ??????7.           
               :?G&BB#B?:  ..^?7J7?77!!!!!J?!~~~!7JP!!~!!7???7!!!?Y7~^:^~:::.~^^:::.:^.:^::.^::::^:^^::~!7~!!7J????7!^::~5#&&B5JJ????????^            
                :75B###&BY^. .::^!777!!!!~?5?7777!!~:::::~~~77^^!!!^:.:::::^:^^~^^^^::.:::.^~:^:...::^^:!7!!?^!:.....^?G&&#B5YJ?7???????!             
                 .~?5B&&&&#P?^.  ..:^!77!~!!~:^^::::^^^:....^:::^::^^.:^::^^^.^::::::.::^.::~.:.:^:^~7~!777!^.   .^?P#&&#G5YJ?7????????!.             
                   ^7?YG#&#GBBP?^.   ~77!7?!7:~:^~^^^^~:.^^...^^:^^::..:..^^.:::^..^~:.:::~.::^~:^77J7?!!~:  .:!JG#&&#GPYYJ?7?????????!.              
                    .^7?J5BBGPGB#GY7^...::~~^7~~!7!~!??~~7!7:^^^:~:::::.^:^::.::^::.~^:^~7?^^!77?777^::...^!JPB#&&#GP5YJ????????????7^                
                      .^!7?YPBBBB####G5?!^.. :::::^^^^^~~7!!7!7~!!~~:.^^^!^!~^~!~!~!^^!7?7?J7!!~~:..:^!?YPBB###BGP5YJ??????????????~.                 
                         :!7??J5GB########BPY?!~:..      ......:.:^!~!!7!7?7!!!7!7!7!~~^^~~^^^~!7?Y5GGBB####BGPYJ??77???????????7~.                   
                           .^!7???J5PB#####BBBB#BBGPYJ?7!~^^:::......:::^^^^^^^^~~~~!!7?JJY5PGGGGBBB####BG5YJ???777???????????!^.                     
                              .^!7?77??J5PGB###BBBBBBBBBB####BBBGGGGGGPPPPPPGGGGGBBBB###BBBBB#####BBG5YJ??77???77??????????7~:                        
                                 .:^!7???????JY5PGBBB#B#BBBBBBBBBBBBB########B#BBB######BBGGGP5YJJ??777??????77????????7!^.                           
                                     .:^!77????777???JJYY55PPPGGGGGGGGGGGGGGGGGGPPP55YYJ????77777??????????????????7!~:.                              
                                          .:^~!7????????77777777??777?????????77777777777????????????????????77!~^.                                   
                                                .:^~!!77?????????77???????????????????????????????????77!~^^:.                                        
                                                       ..::^~~!!!77777??????????????????77777!!~~^^::..                                               
                                                                   .....:::::::::::::...... ]
cai fan,spicy,non-spicy,asian,chinese [@@@@@@@@@@@@@@@@@@@@@@@@@@@@@@@@@@@@@@@@@@@@@@@@@@@@@@@@@@@@@@@@@@@@@@@@@@@@@@@@@@@@@@@
@@@@@@@@@@@@@@@@@@@@@@@@@@@@@@@@@@@@@@@@@@@@@@@@@@@@@@@@@@@@@@@@@@@@@@@@@@@@@@@@@@@@@@@@@@@@@@@@@@@@@@@@@@@@@@@@@@@@@@@@@@@@@@@@@@@@@@@@@@@@@@@@@@@@@@
@@@@@@@@@@@@@@@@@@@@@@@@@@@@@@@@@@@@@@@@@@@@@@@@@@@@@@@@@@@@@@@@@@&&&&##########&&&&@@@@@@@@@@@@@@@@@@@@@@@@@@@@@@@@@@@@@@@@@@@@@@@@@@@@@@@@@@@@@@@@@@
@@@@@@@@@@@@@@@@@@@@@@@@@@@@@@@@@@@@@@@@@@@@@@@@@@@@&#BGPGPYJ?7!!!~~~~~~~~~^^~~~!!!777?JY55GGB#&&@@@@@@@@@@@@@@@@@@@@@@@@@@@@@@@@@@@@@@@@@@@@@@@@@@@@@
@@@@@@@@@@@@@@@@@@@@@@@@@@@@@@@@@@@@@@@@@@@@@#BGPP5JJJ?777??7!~~!!!!!!7777!!77!!!!~~!~!!!!!!!!!!7?JYPG##&@@@@@@@@@@@@@@@@@@@@@@@@@@@@@@@@@@@@@@@@@@@@@
@@@@@@@@@@@@@@@@@@@@@@@@@@@@@@@@@@@@@@&#G5J7!~~!?7?J55J??7?JJ77!!!!!!!!!!!!!!!!!!!~~!!!!!!!!!!!!!~~~~~!!7JYPB#&@@@@@@@@@@@@@@@@@@@@@@@@@@@@@@@@@@@@@@@
@@@@@@@@@@@@@@@@@@@@@@@@@@@@@@@@@&#GY?!~~~~!7?!7Y!YP5Y?JJ??JY?J~^~~~~~~~~^^^^~!~^^^^^^^^~~~~~!!!!!~~~~~~~~!!!7?Y5G#&@@@@@@@@@@@@@@@@@@@@@@@@@@@@@@@@@@
@@@@@@@@@@@@@@@@@@@@@@@@@@@@@@#PJ7~^~~!!!7????7J57JP5JJJJJ?JYJ?7J55J?~^:^~!7?777!::::::::::::::^^^^^~~~~!~!~!!!!~!7?YPB&@@@@@@@@@@@@@@@@@@@@@@@@@@@@@@
@@@@@@@@@@@@@@@@@@@@@@@@@@&GJ!~~~!!7777!!YY?JJ?7YJ7YJYYJYYJJY7?JYYYP57:~J5YJ?~!JY^::.:..... .........:::^^~~~~!!!!~~~~!?YPB&@@@@@@@@@@@@@@@@@@@@@@@@@@
@@@@@@@@@@@@@@@@@@@@@@@#P?~^^~!7!~^~~^^.!PPYJ?~~!!!??J5P55Y?J?JJYYY5Y7!YYY?J??^7?!^^~~~!!!!~^:::.   .    ..::^~~~~~~~~~~~!!?5G&@@@@@@@@@@@@@@@@@@@@@@@
@@@@@@@@@@@@@@@@@@@@&P?~~!7777!77?J7!!:^7PGPJ~!!7?J?YJYP5YJJ5YY5P55YY7?Y5JJJ?!:... .. ........:::..::^::..   ..:^~~~~~~~~~~~!!?5#@@@@@@@@@@@@@@@@@@@@@
@@@@@@@@@@@@@@@@@@BY7!!!777!!!!J5PPPY?7!Y?J?JJ!JPPPYY555JJ5555PP555PPJJ5Y!:.                 ....:...:^!??!~:::..::^^^~~~~~~~~~~!JG&@@@@@@@@@@@@@@@@@@
@@@@@@@@@@@@@@@@G?!~!77777777?Y55P555YJYJ??YP575PPP5Y55Y55P5YY5555GPY7~^.          .:.      .............^~!!!~:...::^^^^^^^~~~~~~~75#@@@@@@@@@@@@@@@@
@@@@@@@@@@@@@@G7~~!!7!77JYYJJ5YJYYJ7??JJJJYGP5Y5555Y555J?JJY555Y??!~:........:.....^~::.    ...  ...........  .:~~~~~^.:::^^^^^^^~~~~7Y#@@@@@@@@@@@@@@
@@@@@@@@@@@@B7:~!!!!!7J?5PP555YYJ??!~~!??YJYYYYJJ??YPPYJ?JYPPY?!~^::.....^~^^^......:.        .          ......^^^:...::..::::^^^~~~~~~!Y#@@@@@@@@@@@@
@@@@@@@@@@&Y^:~!!!7!!!5Y55JYY7??!~~~~!~JY5J7!?J???Y5Y55PPPP5Y7~^^^:^.........    ..                     ..:.   ..    :^~:...:::^^^^^~~~~~!Y#@@@@@@@@@@
@@@@@&@@@B!.^!!!!!!!~~7YP55P5?J?~!!!7!7YYYY?7JJYY5P5YJYYYJ?7!~~^^^:..... .:.               ..... .                    .::^^^:::^^^^^^~~~~~^!P@@@@@@@@@
@@@@&&@&P^.^~~~!!!7?J?7!JY5555YYYYJ?JY55555J!??JY5PYYY55YY?J!^:::..      ::              :^^^^^^::...:....       .      ......:^^:^^^^~~~~~^:J&@@@@@@@
@@@&&@PJ^.^~~~~~~?555YYY?!!777?JJY5YYJ?JYY?!^~!JYY5Y555Y???!......                      .:::^::::........      ..:..   ..........~7!~^^^~~~~~:7B@@@@@@
@@@&@B^::^^^~~~?5Y?YJ?!7?77!:JPY????7777!~^:.~YPP5Y?J5PYYJJ7^:!7~:.                ..............              .. ....::...:::....:7?!^^~~~~~~:!G@@@@@
@@@&&7::^~~~~~7PP??57!^!7???^!55J?777777!!~^^~YPP5J~7YY5J?JYJJJJ??:   ::.  :^^^:. ...::::^....    .                 .:::..:^^::.....!J~^^^~~~~~^~G@@@@
@@@&5:::^^^^~~JPP555JJYJJ?JJYJ55?~^:!!!77777?7!7??7JYYJYYJ?JJJ??7?5:  ....7?7!!^^.  .:::......   ..:    ..::......   .....:::::.....~57^^^~~~~~^.^B@@@
@@@&!.:^^^^^^^~J5PP5PP55YJJJYJY5J7!^^!7YY5555???!!7??JJ??7?7~?JJJ?5J      .....             :^:   ..   .::^:. .::   .....:::::....:::JY!^^^~~~~^^ !#@@
@@@B:::::^^^::^!!777??JYJYJ???7!?J?77JPPPP5YJ~7J?JYJ7^~^^^^^:!JYJJJ5J                       .:.        .:::.      ......::::::.....:.^~~^~~~~~~~^. Y@@
@@&5.::::^^^::!?^~~^^!YP55!~!~:..!Y??GGP55?7?!??7?77J!^J7^^~:~7??JJJG^                    .::.    .. ..  ...    ..:^^~^.::::.....:^^~Y?^^^^~~~~~~: ~#@
@@&J ::::::::::^^^~~?YPPP5!~!~~~!??7JBG5??7!?J7~~!!7JJJYYJ~^!?JJJJ??P^     ...       .. :7??7.            ..  ...:~~^^::::::....:^~~~YP7~^^^~~~~~^ .5@
@@&? :::::::::.:^~!7YY5PPP5YYYYYYJ!!J5GGPP55P5Y7777?JYYYYJ?5G55YJJ??Y:    .::.     .::. 7?7~. .:          :^...........:.:^~:...:^~~^~5GY~^^~~~~~^: ?&
@@&J ::::::^::.:~.:^~!??JYYY5PP5J!~~!~?PP5PPPPP55PPPPP5PPPP5P5Y??7!~~!~~:.^^:::.   .:. :7~.  ..^:        .:...............::....:^~~~^~!7?~^^^~~~~^ 7#
@@@P.:::::::::.^~.:~~~~~!!~!~~!^:.::::.:::^!~~^^~7YYY5J??J??!~^::^^~~~~~^^^^!!~^:      .:.   .:^:    .^^:.......................:~~~~^^:.~~^^^~~~~^.!#
@@@B^.::^^^^^^::?..^^^^~~~~~^::::......:^~::.....:^~7!!7?7~^^~~^^~77~^^^~~!~^^~:^.            .......^J?....................:::::~!~~^^^::^^^~~~~!~:!#
@@@&J.::::^^^::.?~.^^^^~~~!~~^::::...:~7~:.::::::::::.^~!^^:^^::^!!!~~~^:^~~~^^:^^...................^!^..:::::::^.....:::::^^^^:::..:7~::^^^~~~~!~^7#
@@@@B^.::^^:^^^:^?.:^^~~~~~~~~^:::.:^~^^:::::^^~7!~^^::^?7~~^^~7!~^~^^!7^~~~77:.:::::::::::.:::::::::^^~~~~~^^:.!Y~.::.::^:::::......^?~:^^^^~~~!~~^J&
@@@@&5.:^^^^^^^^:!7.:^^~~~~~~~~^^.~!^::::::^~^~??7!~~^^^.::^^^^~!~~~^^~~^:::!~::^~~~~~^::^77?7!!~~~~!!!!~^^~~!77?!^:::...:^::^^:::...!~:^^^^~~~!!!~~P@
@@@@@&?.^^^^^^^^^:7!.::^^^~~~~~~:!!.:^^::~!~7!^^^^:^~::::......:.:.::.....^7?^^~!!!77!~7YYJ7!!!!!!7??J5YY5J7!!~~^~7777?^:^^:^^::....~7^^^^^~~~~~~~~?#@
@@@@@@#~:^^^^^^^^^:7! .:::^^^~~^77..^!^:!~:7!^^:~~~~~^:^!!!~^^~^:::::::^^~7J?~~~7JYJJ?7?JJ7!77?Y5YJYJ7777!^~!7777JY!^!J~..........:!!^^^^^^^^~~~~~!P@@
@@@@@@@P::^^^^^^^^^:7! ..::^^^^77......!~:^!:..:~^.:::^77^^^^~~^^:^^^~~^::::.^?YJ7!!77JYYJJY555P57!?JJJ??77YJ?J7!7^.~J~:.........^7~:^^^^^^~~~~~~~5&@@
@@@@@@@@Y:^^^^^^^^^:.~!. .:::::~^:...:^~^^!?^:^~~~~~~!~:.^^^^~!^!~~!~^^^^~~:!PP5Y!7JY555555P55J?!~~?JJJJJJJ?7!^^?!!JY~:........:!?^:^^:^^~~!!~~~~Y#@@@
@@@@@@@@@J:^^^^^^^^::.:~:.:::^^^^:..:77~~~~?!~~^^^^^^!?~!!~~!7?~!~~7~^~~^^~75PP5J!7!!J5PPP55Y77?JYYYYJ?JJJYYYJJJ7~JJ5J~^^....:~7!^^^^^^~~~!!~~~~Y#@@@@
@@@@@@@@@@J:::^^^^^^^::.^^::^!77~^:^!?7^~!~7:::^7?~:::~7!~^^^^^~^~^:^~~!!~^~!!!!~77!JP5Y?~????JYY55YJJYY5PPP5YY5?!77!!7JJ^..^!!~^^^^^^^~~~~~~~~Y&@@@@@
@@@@@@@@@@@5~::^^^^^^^^^::~~~77!~~~7!^^~!!~^:...:^:.:^:!?^::^^^^:::^^^!7~^^^~!??777!7!~YJ!JY5P55YJ777JYYYJ????JYY5J??YY?!::^~^^^^^^^^^^^^~^^^!P&@@@@@@
@@@@@@@@@@@@B7::::^^^^^^^::^~7?~^!??~:^^^^^^~~~~~~^^:^.^!7!~~^^^^^:~^^!~:^!?JJ?77?77???J?!!!?PPY?77?JJ77~~?YY5Y?7~:::^^::::^^^^^^^^^:^^^^^^^7B@@@@@@@@
@@@@@@@@@@@@@&Y~.::^^^^^^^:::^^:::^~~~~~!~^^~~~^~~~^7^..:!!^^^~!~^^::^~~!?7!7JYJ!?!777!!~^!Y5J~~7!~77~!?Y5Y?~^.......~^^::^^^^^^:^::::::::~Y#@@@@@@@@@
@@@@@@@@@@@@@@@#Y~::::::::::::::^^^:^^^^~~^:^^^^!?7.~~:::.....:^^:::::~??!^!?77?J?JYYYYY775Y!^7J5YJ??JYJ?~.........~7~:::^^^^^^^^::^^::.:?G@@@@@@@@@@@
@@@@@@@@@@@@@@@@@#Y~:::::::::::::::^~~!~~~~~~!!~^~?:.:^:::::.::::::::^??777?YYY555YYYJ?555J^!Y5JJY5Y7~:.......::~!~~:::::::^^^^^^:::::^?G&@@@@@@@@@@@@
@@@@@@@@@@@@@@@@@@@#5!:..:::::::::::^^!7!~^^^^!7!^^~::~7~::::::::::^?JJ??J?7??777JYYYJJ55577?Y7!!7!:.....::~!!!!~^:::::::^^::^^^::::~JG&@@@@@@@@@@@@@@
@@@@@@@@@@@@@@@@@@@@@&G?^...::::::::::::^~^^^^!7~~^^^:^~!~^:::::~7~?PP5YYY7~~^^::^!7^.?5YJ77??!~^.  .:^~~~~~^^:::::::::^^^^^:::::^!YB&@@@@@@@@@@@@@@@@
@@@@@@@@@@@@@@@@@@@@@@@@&P7^..........::.:::^~!!7!~~~^^::^::::..^~:~7J7~:............:~?!~?J!:.:^~~!!!~^::::::::::::::::::::::^!JG&@@@@@@@@@@@@@@@@@@@
@@@@@@@@@@@@@@@@@@@@@@@@@@@#P?^. .......::::::::^^^~~!!~~^^^:.........  ....::::::^^^~!J7JY7!!!!~~^^:::::::::::::::::::::::^!YG&@@@@@@@@@@@@@@@@@@@@@@
@@@@@@@@@@@@@@@@@@@@@@@@@@@@@@&GJ!:.........:::::::::::^^^^^^^~~~^~~^~^^~~~~~^^^:::^^^^:^^:::::::::::::::::::::::::....:~JP#&@@@@@@@@@@@@@@@@@@@@@@@@@
@@@@@@@@@@@@@@@@@@@@@@@@@@@@@@@@@@#PJ!^:..........:::::::::::.::.::::::::::::::::::::::::::::::::::::::::::::.....:^!?P#&@@@@@@@@@@@@@@@@@@@@@@@@@@@@@
@@@@@@@@@@@@@@@@@@@@@@@@@@@@@@@@@@@@@@&G5?!^:.  ...................::::::::::::::::::::::::::::::::::.......::~!J5G#&@@@@@@@@@@@@@@@@@@@@@@@@@@@@@@@@@
@@@@@@@@@@@@@@@@@@@@@@@@@@@@@@@@@@@@@@@@@@@&BPY?!~:..     ..........................................::^~7JYPB#&@@@@@@@@@@@@@@@@@@@@@@@@@@@@@@@@@@@@@@@
@@@@@@@@@@@@@@@@@@@@@@@@@@@@@@@@@@@@@@@@@@@@@@@@@&#BG5Y?7!~^::......  ......................::~!?J5PG#&&@@@@@@@@@@@@@@@@@@@@@@@@@@@@@@@@@@@@@@@@@@@@@@
@@@@@@@@@@@@@@@@@@@@@@@@@@@@@@@@@@@@@@@@@@@@@@@@@@@@@@@@@@&&##BGGPP55YYYYYJJJJJYYYY55555PPGB#&&@@@@@@@@@@@@@@@@@@@@@@@@@@@@@@@@@@@@@@@@@@@@@@@@@@@@@@@
@@@@@@@@@@@@@@@@@@@@@@@@@@@@@@@@@@@@@@@@@@@@@@@@@@@@@@@@@@@@@@@@@@@@@@@@@@@@@@@@@@@@@@@@@@@@@@@@@@@@@@@@@@@@@@@@@@@@@@@@@@@@@@@@@@@@@@@@@@@@@@@@@@@@@@
@@@@@@@@@@@@@@@@@@@@@@@@@@@@@@@@@@@@@@@@@@@@@@@@@@@@@@@@@@@@@@@@@@@@@@@@@@@@@@@@@@@@@@@@@@@@@@@@@@@@@@@@@@@@@@@@@@@@@@@@@@@@@@@@@@@@@@@@@@@@@@@@@@@@@@
@@@@@@@@@@@@@@@@@@@@@@@@@@@@@@@@@@@@@@@@@@@@@@@@@@@@@@@@@@@@@@@@@@@@@@@@@@@@@@@@@@@@@@@@@@@@@]
japanese curry rice,spicy,,asian,japanese [                                                                                      
                                                                ..::^^~~~~!!~~~~^^::..                                                                
                                                        .:~!?JY5PGGBBBBB#######BBBBBGP5YJ?!~:.                                                        
                                                   :~7J5GBB#############BBBBBBBBBBBBBBB####BBG5J7~:                                                   
                                               :!J5GB###BBB#########BBBBBBBBBBBBBBBBBBBBBBBB#####BG5J!:                                               
                                           .~?PBB#BBB##########BBBBBBBBBBBBBBBBBBBBBBBBBBBBBBB########BP?~.                                           
                                        .~JGB#BBB#########BBBBGBBBBGBBBPJYGBGPPGBBBBBBBBBBBBBBBBBBB######BGJ~.                                        
                                      :?PB#BBB########BBBBBB5~^!5?~^~JY^..!J~:.!555555PGGBBBBBBBBBBBBBBBBBB#BP?:                                      
                                    ^YGBBBB########BBBBBGPPG7.:.:.:::.^::::^..7Y?7?JYYYYY5GBBBBBBBBBBBBBBBBBBB#GY^                                    
                                  ^YBBBBB#######BBBJ~!?J~:::^:::::::::::::::.^57?JJYYYYYJYY5GBBBBBBBBBBBBBBBBBBBBBY^                                  
                                :JGBBB#######BBBBBB?.::::::::::.......:::::::?YJYYYJJJJ?7?YJ?YPPGGBBBBBBBBBBBBBBB#BGJ:                                
                               !PBBBB#######BBBGJ!~^^::::....::........::::::JYYJ???J??!77JY??JJJYYY55PPGBBBBBBBBB##BP!                               
                              JGBBB######BB?!!J!....:::..........:::....:::::JYYY??J?77?JJYPP55Y55PYJJJYY5GBBBBBBB###BGJ                              
                            .YGBBB#####BBBG!:....... ......  ...........:::::JYYY??J?7JJYYGPP5YJYY5GYJJYYYYGBBBBBBB###BGY.                            
                            5G#B#####BBBB5~:...........::... ...........::::.?YYY??J??JYY5GPP5Y5Y55PGJYYYYYPBBBBBBB###B#G5                            
                           JGBB#####BBBBB5^...  .............  .........:::::7YYY??JJJYYJPPPGG5Y55PGGYYYYYY5BBBBBBBB###BBGJ                           
                          ~GB#B###BBBBBBBP^............  .........:::...:::::~5YYYJJJYY??5GPPGPPPGGGP?JJYYYYGBBBBBBB#####BG~                          
                          5G#B###BBBBBBGPJ^:...........................:::::.7YYYJJJJJ?77J5PPPPPPPPPJ7?JYYYY5GBBBBBB####B#G5                          
                         :GG####BBBBBBP~..... ......  ......  ........::::::~YJJJY555555YYJYY55YYYJ???????JYY5BBBBBB######GG:                         
                         !GBB##BBBBBBBB5~:.........  .::........  ...::::::~YJJ5PPP555Y555P5YJJJJJ?77777!!?YYYPBBBBB#####BBG!                         
                         ?GBB#BBBBBBBBBJ.............::......:::...:::::::^YYYP555P5Y?7?JJJY55YYJ???!!!!!77JYYYGBBB######BBG?                         
                         7GBB#BBBBBBBBBP~:.............   .........::::::.7YYP555P5??JJJJYY555YYYJ???7777??JYYYPBBB######BBG7                         
                         ~GBBBBBBBBBBBBY::..:::.......................::::!5YP55PP?JJJYY55YJYYYJJJ???????J?YYYYGBB#######BBG~                         
                         .GG#BBBBBBBBBBPJ^..............................:::YY5PPPP?YY55Y?7?JYYYYJJJ????JJJYYYYPBB#######B#GG.                         
                          ?GBBBBBBBBBBBBB7:......  ...........  ::.  ...::.?YYPPPP55YJ777JY5P55P5J?JJYYYYYYY5GBB########BBG?                          
                          .PG#BBBBBBBBBBBBJ^::.........  ................::7YYY5YYYJ?7?Y5PPPP5YY5PY??JYYYY5GBBB########B#GP.                          
                           ^GG#BG5Y5PBBBBG!^::::........::..............:::JYJYYYYJJJYPGPP5YYYYYJJ5PP5YYY5GBBB########B#GG^                           
                            ~GB#GYJJJ5BBBBGG?^^::::::........  ...::....::~5JJJYYYJJYGPPPPPP55555Y55PPYYYGBB#########B#BG~                            
                             ~GB#GYJJJPBBBBBBGP7^^::........  ....:...::::YJ7JPP5Y55YGP5PPPPGPPPPPPP5YYY5B##########B#BG~                             
                              :5B#BGPPGBBBBBBBBJ:.::::.::............:::.?J7?5GPYJYPYPGPPPPPPPPGGPYYYYYPB#########BBBB5:                              
                                ?GB#BBBBBBBBBBB577J!:^:::::..........:::^5??J5PP5JYP5YPGGPPPPPPPYY5PGB###########BBBG?                                
                                 :YBBBBBBBBBBBBBBBBBP~:~^.:::::::.:.:::.7YJYYP55PPJYPYYY555555Y5GB#############BBBBY:                                 
                                   ^YB#BBBBBBBBBBBBBBPPB5?7^.:^.:::::::.JYJYYP55PP555YYYYYYYYPB#############BBBBBY^                                   
                                     ^JGB#BBBBBBBBBBBBBBBBB?!Y577~.:..:.7YJYYY5PPPPP555555PGB#############BB#BGJ^                                     
                                       .!5B##BBBBBBBBBBBBBBBBBBBBY?5YYY!7PGPGGGBBBBB##################BBB##B5!.                                       
                                          :75GB#BBBBBBBBBBBBBBBBBBBBBBBBBBBB#######################BBB#BG57:                                          
                                             :!JPBB###########################################BBB##BBPJ!:                                             
                                                 :~?5PBB###############################BBB####BBP5?~:                                                 
                                                     .:~7J5PGBB#######################BBBGP5J7~:.                                                     
                                                            .:^~!7?JYY5555PP5555YYJ?7!~^:.                                                            
                                                                                          ]
ramen,non-spicy,asian,japanese [                                                                                                                                      
                   ^!.                                                                                                                                
                 ~J!7JJ!.                                                                                                                             
                  ^?Y?!7YJ!.                                                                                                                          
                    .~JY?!?YY!.                                                                                                                       
                       :75Y7!?5Y!:                                                                                                                    
                          ^J5J!!JPY!:                                                                                                                 
                            .!YPJ~!YP5!:                                                                                                              
                               :?PP?^!YG57:                                                                                                           
                                  ^JP5!^!5G57:                                                                                                        
                                   .^75GY~^75G57:                                                                                                     
                          ..^~7?Y5GBBG~:?GGJ~^?PB57:                                                                                                  
                    :^!?Y5GB###########?  ~YGP7^^?GB57:.::::^^^^^^^^^^^^^^^^^^::::...                                                                 
               :?J5GB###################Y. .^Y##57!?PBB5J77????JJJJJJJJJJJ?????7777!!!~~^^::..                                                        
                ?&&######################G55PPPGB&B5?YG#&BPYY5PPPPPP5555PPPPPPPPPP555YYJJ??7!!~~^^:.                                                  
              :~?G&&&&&&&##&&##############GPPPPPGB##G5Y55PBB5J7~^55~^~~~~~~!!!77??JY5PPPPPP55YJ??7!!~^:.                                             
         .^7YG#&&&&&&&&&&&&#################G5J?7!?GGBBBPJ?YG##B57YY::?5YYYYJJJ??7!::7PPP7~!77?JY555YJ?7!~^:.                                         
     :~?5B#&&&&&&&&&&&&&&&&&#################577!:^5GGJ~YBBPJJP5P#B5?~JGY~~~~~~5PGJ::YPPJ::?J?7~~~~!7PP5YJ?7!~^.                                      
   !PB##&#&&&&&&&&&&&&&&&&&&&&################BG5^:?GGP??JG##B5?^!B##B5JYYYY7:^5PP!:!PPP!^^!7?JPP?::?PPPPPP5Y?7!~^.                                   
   .~5BBB###&&&&####&&&&&&&&&&&&###############BG7^~JJ?YJ7~~!5#&GJY?7P#&G5?!~^!PPY::!JJYYYYJ?7JGY^:?PPPPPPPPPPPY?7!~:.                                
      ~P#BB######&&&&&&&&&&&&&&&&###############B577??JY5P55PPGB&&#PYJ5G#&&BY?J5P5J?77!~~~~!!7??^:7PPPPPPPPPPPPPPPY?!!^.                              
       .?BBBBB######&&&&&&&&&&&&&&&&#&&###########GPPP5555555JJ?JY5B&B5JJJJ5#&GYJYPPPPPGPP5YJ?7!~7PPPPPPPPPPPPPPPPPPY?!!~.                            
         ^PBBBBBB##&&&&&&&&&&&&&###BG5YJ??YYYJ?????7!!~~^^^~!77!~^^~?5#&GY7!!75#&GY?7777?JY55PGGGGPPPPPPPPPPPPPPPPPPPPY77J^                           
          .JBBBBBB#&&&##&&&&&G5?!~~^::::::..:::::::^!!!!!!~^:^~!!!~^::~?P&&GJ!^^!5#&GY?!~^^^^~!7JY5PPGPPPPPPPPPPPPPPPPGP?757                          
            ?BBBB###B##&&&BY!^:::..........:::::....:7!^^~!!!^:::^!7!~^::!JB&#P?!^^7P#&GY7!~^:::::^~7?Y5PGPPPPPPPPPPPPPPPJ7P7                         
           :5GBBBBB##&&#P?^:::....::....::::::.....::?7::::~7!^:::::^~!7!^::~YB&B5?!~~?P&&GY7!~^:::::^^~!?YPGGPPPPPPPPPPPGJJG!                        
           JPPGBBBB##P?~:::....:::...::::::......::^?J^...:^?7!^^^:::::^!!!~^..~5#&GY7~^~JG&&GY?!~^^::::^^~!?YPPPPPPPPPPPPPJPP:                       
          ^PPGGGGBBP7^:::...::::....::.........::~7J?:...:^7J~!!!!~^::^: .:~!7!^.:7P&&PJ7~^~JB&&GY7!~~^:::^^^^!JPGPPPPPPPPP55G7                       
          !PPGGGGGY^:::...:::.....::........::~7JY7^...:^!J?^::~!!!^:^. .~~!7??JJ?!^~JB@#5?!!~!YB&&GJ7!!~::^^^^^!JPGPPPPPPPPPPY                       
          7PPGGGGGJ::..:::.....::::.......::^?YJ!:..:~7JJ7~:...:77!^~~  ~~~!!!!!7?JJ?~:!5&&BY?7!~!YB@&PJ7!~~^:^~~~!YGPPPPPPPPPY.                      
          ~PPGGGGGP!::::...:::::.........::^JY!:.:^7JY?~:....::~J7~^7?  :!~~~~~~~~!????~:^JB&&PJ?7!!?5#@#PJ7!!^^~~~~JPPPPPPPPGJ                       
          .5PPGGGGG7:::..::::..........:::~JY^.::~JJ!:....:^~!?J7!~^^P!  :~!~~~~~~~!7!~^~~~7?5#@#5??777JP#@#PJ7!7!~~~YPPPPPPPG!                       
           7PPGGGG5~::.:::.........::::^~7Y?^::^!Y?:.:^~!77??77!!!!!!?GJ:  .^~~~~~~~!^.  .:7?JYP#&&BY?7?77YG&@#PJ777!?GPPPPPGY.                       
            JPPGGG?:::::.......:::^^~!?JJ?!^~!?J?~::::^^~~~^.  ...::~~7PPJ^.   .....       7Y5555PB&@&GJ7????YB&@#PJ775PPPPG5:                        
            .JPPGG5~::::......:^7JJJ??YYJ????7!^:::. :^^^^^^^^^^^^::..:~7Y55J!^:.       .^?YY5555555GB&@#P?7???J5B@@#5!^~?55^                         
              JP5GGP7^::.....:^?J!^:^??!~!777777?~  ^~^.:^~^~~~^~~~~~^. ^!!77?JJJ???777?JYYYYYYYYYY5555G#@@B5?7???JP#B!7J^::...                       
              .PG5PGGJ!^::::^!J7^~!??~^~7JJJJ??77. :~~. ^~~:^~~::~~:^~~ .!::!77!!7777JJJ7?JJYJYJJYYJYY55P5P&@&GY7??75GYBY!~^::::..                    
               :G#P5PG5?7!7?J?7777??77??!~^^^^^^!^ .^~^:.::^^^^^^^^^~~: ^7^ :?7!~~~~!?J?7?YJYYYYYYJJJJYYYYY5GG&@#7:^!JYBG~!7!~^::::..                 
                .P@#P5P5J7!!~~~~^::^^~~^^::::^^:^~^...^^^^^^^^^^^^^^:..^!7~..~^:::^~JJYJYJYYYYYYJYYYYYYYYYYY5?755755^::!!..:~77!~^::::..              
                  Y@@#GP5YJ7!~~^^^:::^^:::^::::::::^^:::..:::::...::^~!7!^..^~^^^^::^~~JYYYYYYYYYYYYYYYYYYYY7!?5PP#Y7!~::::...:~77!~^::::..           
                   !#@@&#GP55J?7!!!!!!^::^!!!!!!!!!~^:~!!~~^^~~~~~!!!~^:..:^^:::::::::^7YYJ?JJYYYYYY7!~777J55PGG#&@@B777!~::::. .:~777~^::::..        
                    :P@@@@&#BGP5YJ?77!!^^::^^~~~~~~~^^^^~7!~^^^::::::::^^!~^^~!!!!!!~~^:^~~~~~!??77!^~!?Y5PGB#&@@@@B! .^!77!^::::. .:!777~^::::..     
                      !B@@@@@&&#BGP55YJ?77!~~^^^^^^^::^^^^~^^^^^^^^^^^^::^^~!!!~~~^::::::::^^^^~~!7JYPPGB#&@@@@@@&J.     .~777~^::::. .^!7?7~^::^~:   
                       .J#@@@@@@&&&#BBGPP55YJJ??77!!^^^~!!!!!!~~~^^^^~~~^^^^::^^^^^^^~~!!!!7?JY5PGGB##&@@@@@@@@@P^          :~77!~^::::. .^!??!!??!   
                         :JB&@@@@@@@@&&&##BBGGPPP55YYJ?777!!!~~~~!!!7777777777???JJYY555PPGGBB##&&@@@@@@@@@@@@P~              .^!77!^::::.. .^!7!^.   
                           :?PB&@@@@@@@@@@&&&&&####BBBGGGGGGPPPPPPPPPPPPPPPPPPGGGGGBBB##&&&@@@@@@@@@@@@@@@@&P~                   .~7?7!^:::^:  .      
                             .!YPB&@@@@@@@@@@@@@@&&&@@&&&&&&&&#############&&&&&&&@@@@&&@@@@@@@@@@@@@@@@@#Y^                        :!7?!~7??:        
                               .~?5PB&@@@@@@@@@@#!7JJY5PGB#@&&&&&&&&@@&&&&&&&@&BGP5YYJ?~P@@@@@@@@@@@@@@G7.                            .^!77!:         
                                  :!J55G#&@@@@@@?~#5Y555Y^J@J~JJ?7!&@@Y!?JJ7~&B:?5555YBJ^#@@@@@@@@@@BJ^                                  ..           
                                     :7J55PG#&@G:Y#5Y~7@#:P@7~YY&Y^&@@?~&PY7^#&^Y@5^JYBG:?@@@@@@&GJ^                                                  
                                        :!?Y55PY???JJ~5@P:YP5YYYB?:&@@?^G5YYYPP^!@#^7J?JYG@@@#57:                                                     
                                           .^!?Y5P5555B#BPP555YYYYY&@@PJYYYY555PB@@#&@@@&B57^.                                                        
                                                .^7Y#BGPPPPGGBB#######&@@@@@@@@@@@@@@B?~:                                                             
                                                    P@@@@@@&&&######&&&@@@@@@@@@@@@@&~                                                                
                                                    .P@@&@@@@@@@@@@@@@@@@@@@@@@@@@@&7                                                                 
                                                      7G####&&@@@@@@@@@@@@@&&&&@@&5^                                                                  
                                                        ^?5PGGGGGGGGGGGGGGBBBBG57:                                                                    
                                                           .:^~!7????????7!~^.                                                                        
                                                                                                                                                      
                                                                                                                                                      
                                                                                    ]
nasi padang,spicy,,asian,malay [     .::^~!!77????77!!~^:..                                      
      :::::::::::::::::::::::::...:~!?Y5PPGGGGGGBBBBGGGGGGGGPP5J?!^:...::::::::::::::::::::::       
      :^^^^^^^^^^^^^^^^^^^::::~7Y5GGGBGGGGBBBBBBBBBBBBBBBBGGGGGGGGGP5J!^:::^^^^^^^^^^^^^^^^^^.      
      :^^^^:::^^^^^^^^^:::^7YPGBBBBBBBBBBBBBBGGGGPGGGGGGGGGGBBGGBGGGGGGG5J!::::^^^^^^^^::^^^^.      
      :^^^::^^^^^^^^:::~?5GBGGGGGGGPPPPPP5YJ?7!!!!!?YGGGBGBBBBBBBBBBBBGGGGGPJ!:::^^^:::^^^^^^.      
      :^^^^^^^^^^^::^7Y5YJ77777!!!!!!!~~^^^^^^^^^^~!!?5YJPB##BBGPPPGGBBBBBGGGGP?^::^:^^^^^^^^.      
      :^^^^^^^^^::^7?!^::::.:^^::::::...:::^^^^^^^^~!!?J!~?B&##BBGGPPPPPGGBBGGGGGY~::^^^^^^^^.      
      :^^^^^^^::~??~:......:::^^::::::::::^^^^^^^^^^^!7J7!^7B&#########BGGGB#BGGGGGY~::^^^^::.      
      :^^^^^^::?J7^.::....::::^^^~^^^^^^^^^^~~!!!!~^^~7?!7^^J#&#BBBBB###BGGGBBBBBGGGGJ^:^^:^^.      
      :^^^^:.~55J!~^^^^:::.::::^!7!^^^^~^^~!!777777!!!7?!7~~J####BGPPPGB##BGPGBBBBGGGGP!.:^^^.      
      :^^^:.7GPJ7?J??7!~^^:::::~7!!!~~!!!!77?????J???77?!!^7PY77JG#BGPPPPGB#BPGBBGBBGGGGJ::^^.      
      :^^:.YBGY!~^^^!7???7!~^^^^~!77!!!!!7?JJ??JJJJJJJ?J!7!5P~^^^7B&##BBGPPG#BGG##BB#BBGGY::^.      
      :^::5BGG?^:.:::^^^~7YJ?!~^^~!??777?JJJ?JJJJJJJJ?JJ!7?5Y~~!?5G###&##BGGG#BGBB###BBBGB5::.      
      ::.YGGGP!^^^^::^^^^~JY5YYJ7~~7JJJJJJJJJJJJJJJJJJ5?!~7?~7?JG5!B#####BGGGBBGPG#&#BGPGBGY.       
      :.JBGGB5~^~^^::^~!?Y5J7!7JYYJ?JJJYYJJJJJJJJJJJYYJ!7^!J!7~:7J?JJ5BY5GGGGB#BGPB#&#BG5PBB?       
      .!GGGBBY~^^^^^^!?Y5Y7~~!77?JYYYY555YYYYYYY55YYJ!!!~~7!77^:^?Y?5B??GGPPPPGBBGBB##&BGPGBG^      
      .PGGGBBG?~^~~!?Y5Y!7JY?^~!777?JYYYYYJYYYJJ??77!!!~!!~^^^^.::^?YP7######BGGGBBBBB###GPGBY      
      7GGGBBGG5!!JJJ55J~Y#BGG7^:^7!~!7??77777!7!!77!!!!~^:~::^^:::~~.:~PB&##&#BGGGBBBB##BBGPBG^     
      5GGGBBGBP!~?JY5Y!J###GJJ7^.:~^~!^7??!~~:^~::^^::..:::::.~~:..:^:^JJP5YYJ???JJYPB&#BGGBBG7     
     :GGGGBGGBP7^?JY5?!P###5?~7?!7^.~7^~^~!7~::......:::^^::^:^~^^:^^~^!~!77!^:....:^!YGGPGBBGY     
     ~GGGBBGPP5!^!?Y5JJ5BBBY?!^~!777!77~^!!7!.^^........:.^^::^~^^^:^^???!:.           .~YBBGG5     
     !GGGBB55Y7^:!5GGPPP55JJYYJ??Y5Y5J!!~~!^.:^^::.:.:..:.^:^^^~:^^~!!??:  .::::::^:.    .?GGG5     
    .~GGGBB5?~^^?PGY??7??7!!!!7JY5PGGBB!:::..:.:::^::::.:.:::^~^^7~~~7?. :~^^^~~!7!!~~:   .JGGY     
   .~^GGGBPJ7J5P5J?!!77!!77!!!7?7?YPBYPG^:.......::.::..:.:::::^7~^~7?: :~^!??J????!!!~:   !GB?     
   :?:PGGGGPBBPY77!7!!!77777777?J?J5J7G5.::::...... ...:.:^^::^77!!!?!  ~^^777!!!!~~~!!!^  7GG~     
   ^?^?BGGB#BGY???7!7???JJ?777?JJJY5PJJ5:^:.^:.::..::::^.^^^.::??7~!Y^ .~^~!!!!!!!!!~77!!~!5G5.     
   ^J7^GGG#BBP5GBBY??PGGBGG55PPGPGPPGYPPGB??~:::~^.:^:::.^^^^^!?77~!Y^  :!!!!!!!!!!!!7!^7!YBB!      
   ^?J~?BG#BBG5YPGGGB##BBGG555Y???7Y55JYPGB#Y.::^^~^.:^!~:^^^7!?~?J7Y~   :~!!!7777777!77^?GBY       
   :??Y:5GB#BBG5BBB##BBGPYJ?7!!!77!777!!7JYPBP5J!:^:^^^^^::~^?YY??JJ??.   .^!7777!!!!77!YGGP:       
   .??YJ^PGB#BBGB###BBGPY77?7!7!!!!!7!!!77JJ5BGBBP?57.^^^~::^?J?J??Y?Y! ^!!~~~!!!7J????5GGP^..      
    ~JJ5?^PGB#BBBGB#BBPY?7??7!?7!7777!7777??YPBGG#GPJ7!7!~^7YYJJYYY??5P7?!!!7777!!7?JY5GGP^.^.      
    .?JYP?^PGBBBBB##BBPYJ7!??7JJ??7?7777YY??YPBGBBGBBB5JJJJYJJ5PPPP5YJ5#GY?77777JYJY5GGB5^.^:.      
     ~YJYPY^YGGBB###BBPYJ??J?J??J?JJJ?7?5P5YYPB##YPP5J??7???77????Y5P5PB&&#GGGG#B5PGGGGJ::^^^.      
      ?YJYP5~7GGGGB#BBPYYJJJ??????J?J??5BBG5P####5YYJ?YJJ7J?7??J?!75PY5G#BPBB#BBPGGGBP!.:^^^^.      
      ^JJJJ5P?~JGGG#BBG5YYJYYY55PGP5YYY5PB###BGB#5JJYJYYYY??JYPP5!7PP555G###GGB#GGGG?:.^^^^^^.      
      :^?YJJYP57!YGB##BBG5Y5#BBBBBBBB##B#B#BGGGB#BY55PGPGGY5GBBBB5PGPPPGGB#G##BGGPJ~.:^^^^^^^.      
      ::^?YJJY5G57!YGB####BGBBBBBBBBBBB#BBBGGBB##G5PGPGBBBBBBBB#GBG5GPGBBBBBGGGP?~~~^^^^^^^^^.      
      :^:^7JYJJYPG5?!?5BB###BBBBBBBBBBBBBGGB##BGPPGBB5PGBPGB#BGBGBGBBBBBBBBBGY7~7?~:^^^^^^^^^.      
      :^^::~?JJJJY5GPJ77J5GBBBBB###BBBBGGB#BBGGGGGBBB#PGBBBB#B#GGB#BBBGGGPY?!7?J!^:^^^^^::^^^.      
      :^^^^:^!JYYJJY5PGPJ77?YPGGGBBBBB#####BGGGBBBBBPBBBGGBG#BBBBBBBGG5J?77JYY7^::^^^^::^^^^^.      
      :^^^^^::^!JYYJJJY5PGPY?77?Y5PGGGGBBGGGGBBBBBBBBBBBBBBBBBBGGPYJ???JJYYJ7~::^^^^^^^^^^^^^.      
      :^::::::::^!?JJYJJYY5PPGP5J??7?JJY5PPPGGGGGGGGGGGPP55YYJ???JJY55YYYJ7^:::::::::::::::^:.      
                   :~?JJJ???JJY55PPP5YYJJ?????????????????JJYY55YYJJJJ?!^.                          
                      :~7?????????JJYY5555PPPP555555555555YYJJ?????7!^.                             
                         .^!7?????????????JJJJJJJJJJJ??????????7!^:     ]
mee soto,asian,malay [                                                                                      
                                                                 ...:::^^^^^^^^^^^^^:::...                                                            
                                                    ..:^~!7?JYY55555YYYYYYYJJJJJYYYYYYY5555YYYJ?7!~^:.                                                
                                             .^~7?Y5PPGGGGGPP555YY555YJ?~..............::::^^~!77?JY555J?7!^:.                                        
                                       :^7?Y55PPP5555YYYJJJJJJYYYYYYY55PGY:..........................:^^!7JY55YJ7^:                                   
                                  :~?Y555YYYYYYYYJJJJJJYY555YYJYYYYYYYYY5B5~^^^:::......................    .:^!?Y55J!^.                              
                              :!J55YJ??JJJJJJJJJJYY55555YYYJJYYYYY55YYYYY5B?~~~~~~^^::.................::...      .:~7Y5Y?~.                          
                          .~J5PY?~^7JJ?77??JYY55555YYYYYYYJYY5P5Y5GGPYYYY5GPYYYYYYJJJJ??7!!~~^^:::........:::....      :~?Y5Y7:                       
                       :7YP5?~:..~P5J???Y55555YYYYYYYYYYYYYYYGGGPPGPG5YYYPG5??????7~^~~~~~~!!!77???77!~^::.....:.....      :!J5Y7:                    
                    :7YPY7^...:^^7G5PPGP55YYYPP5555YY555YYPP5GGPGGPPG5YY5PBJ???????~^^^::......:::^~~!77??77!^:.....:....     :~J5Y!.                 
                  ~J5Y7^..:^~~~~~~?GP5PGYYYYYGGGGGGGPPGG5PGPG5GGGPPGG55PGB5Y55Y???7!~~~!!!77???JJJ???77!!77!!???7!^:...::...     :7YY?:               
               .!Y5J~:.:^~~~~~~~~~!JBGPG5YYYYYPPPJPGPPGPGGPPGGPGBGG5Y?Y5YYYJ?YG5Y55555PJJJ???77777??JJJJJY55^:^^~7???!^:.......    .!JY?:             
             .75Y?~..:~~~~~~~~!7JYYJ7JPGBPYYYYYYPGGPPGGPPPGGG5BPJ7J5??JPPJ75J??5PGP5YJ55JJJ??7777!777??77??YYJ?!:::^~!?J7~:...:..    :!?Y?.           
            !5Y?~..^~~~~~~^!?YYJ?7777!!7J5555PY55PPPPB555YPB5YG^ .~GJYG?. ^PYJYYP5?!~~~?55YJJJJ??????777?????Y5P~::::::^~7??~:..:..    ^7?Y~          
          .YY?!:.:~~~~~~~7JYJ?7777!!!777777J5PJYY555PJ!7?5PY??P7?PP?5?Y^!JPP5YYJ?JP5YPP5J5GPP55YJYJJJJYYYYYYPJ!~!!7~:::::::~?J7:..:.    .!!Y?         
         ^P?7~.:^~~~~^~?YY?7777!!!!77777777PPPPPG5JJYG???!B7??757P!^YJJBGYJJJJJJYPBGGJJGJ???JY5GGYJJJ??5YJ!^^~?J?JY5Y7~~^^^^^^7J?:....   .!!?Y        
        !P~?^.:~~~~~~?5J77777!!~~^~7777777?YJ?7PP??JPY^^P755P!?!^!??!~GPYPPPP5PPYGYJ?!?JPY7?7~!7YPJ~!!YYP75?7!7JY?7?Y5J7!!~^^^^^7Y7:...   .!~JJ       
       ~G^?^.:~~~~~?5J77777!~~~^^!!!!??!7?7~!J55JJYPY~~Y55J~^!5YJYYYY5PYY555GJ?JPB?7?7JJPP55YYJJJ??!?7~JPYYYY555Y?Y55YYYYYY?~^^^^^?J^.:.   .?:5!      
      .G~7~.:~~~~!YY777777~^^^^^^^^^:!7JY?J55YJJY55Y?J5Y?P?JP?J5YJ?JJGG555PPBPY?7YJJJJYJ5YYGY5Y!^^^!PY55JYYYY?JJ!~^~?Y5Y?J?^~!~^^^^?P!..    ~!^P      
      YY:J.:~~~~7PJ77777!~^^:^^^^^^~7?J??YP5YJ5P5J?Y5YJ??Y5J~:!Y5PPPPPP5PP55GYJ???JJYY5J???PGYJ5J7Y5P5JPPJ!7777?JJ?77JGYJ7~^^77~^^^~?P7..   .? P^     
     .B:7~.^~~~7P?77777!^^^::^^^:~?7!~^!5Y?JYGB5YYYJ?YBP55YYJ!PG5YYJYGJJPPY7J55YJJJYYYYYYY55~75JYG5JJ55?YY!YJ^~??PY77~?5?!~?!^!?7^^^!?P~.   .! ~^     
     ~G ?::~~~!P?777777~^^:.:^^~~~^^:~J!!!~?55YYJ~7YP5?Y5JJJJYPYY5JY55PBYJP?JJYYY55YYYYY5P5???YGJ75P7~J5??5YJJ7!JGYJ^!J57J77G~^^777!!7Y5..  .? 7!     
     7P ?^^~~~5J777777!^^:.::^!!^::^^7!^^^~PJ~~Y!~J~YJYY5PJ?YYJ5~G555PPBY5G5555PY?JYP55PY??7!?5PYY!?5Y7?YY??YYJ!!~JYJ7^757~?B5??7!7????P~.  :? 5!     
     ~G 7~^~~!P7777777~^^:::.^!^.:^:^^^7!^^YY557!~^!7!!77JY^~757!GPPPPGGP5YYYYJY555PY?JG5JJJYYY?7Y5?!7JYYYY5J?55~7YP!.^JYJ7YJ!?J7!7????P7.  !~.G.     
     .B::?^~~?5777777!^^^:::::...:~!!!^^^^^?Y!^~YJ~!~?????!~~^!5?YBPPGPYJYYYYJJJJJJJ5PJY5BJJYYYYJ?7?5J!?PP!7Y5JPY~.^P5PJ??JJ7!~5J??????P7. :? JJ      
      YY ?7~~?57777!!7~^^::.:^^:..:~7~^~~~~577?7^7!:YY~~~^~!~~^!GJYB5YYYYYJJ????JJY5G5J5G?77JJ?7!~~^~J5GY7!~^YG5PPJ?!~PGYJP. .^PJ???77?P~ .?.~P.      
      .G~ J!~7P77!!777!^~^^:.:^^:::~~^^!~^:^^^...?7^75!^~~~?7J7^!5YGYJJJ?7777777?77??YP5P?!~~^^:^!7?JYY7~!!~:!G7JYPY .!GG75?~7Y7??77??YY.:?.^P:       
       ~G^.J!~P?!777777J7!^^:::^^^^::^^^^~~!!~^7^!7::~YJ!???!7YJ^~JGG?JJJYYYYYJJ???777JGYY5JJ?7?55YJJ5Y7??7!~^57^~!YJ7YJG!^!!!^!777???P^~7.!P:        
        ~G~ ?77P7777777J~~!~^^^^^^^^^^^^^~~~!7777?!~:^^YY!~~~~~JY^^!GY??7?PY?JJ555Y555YG?7JYJY5J?J?!~!77?JYY?!?5^^^^~~~^Y?~^^^777????P!!~.?Y.         
         ^P7 ~?J577777JJJ??J?!~^^^^^^^^^^^^^^!!77~!!!~^~P~^~~~~^57^^7P~~!~?P??PJ?5Y7?Y5Y???Y5YY57!JJ?7!~^^~7JP?YJ^^:::::^!~^^~~~!??JP?!.~57           
          .J5^.75P77777777!!7??7!!!77~^^^~~~~^^~^!???!^^P7^^^^~^JJ^~~G!!!!GJ7PY^7YGJJ7!!!~~!!!77???JJY5~^^^^^!PYG~^::~~~^:^^^~!7??5G?:^YY:            
            ^YJ::JGJ777777!!7????????7~~!77777!~~!???7~^5?^::^~^7Y^~~YY~~~JP?G?~7JP7!~~~~~~~~~~~~~~~~~YY^~!~^^~JJ~^!!^^^^~!777!?J5?:^JYG!             
              ~YJ^:7J?7777777!!!!7??7777777777?JJJ?7~~^^75^^^:~~75^~~!J5777JGB7^7?GYYYYJ?77!!!!!!7Y5JJ55^^!J7:::::^^^:^~!!!~^~??~:~5#5~G~             
                ^Y5~:^7??7777777!!!77777!!777JJJ!~^^^^^^~P~::^~!~P~~~~~?GYY5YB?~!?G!^~!77?JYYYYJ?YB5Y!?Y~^^~J~.::::::::::^~!!~^^?5GBG!7G.             
                 :G?5J^:~7??7777777!!!~~!777777????7~^^^~P^:~7J?!5Y~~^!!PY~J~?P?~75P!^^^^^^^^~?J!77~YJ!PJ~^^~!..:^^^^^~~!!~^~?555GGPJ~P7              
                  J7:BB5?~^^!???777!!!!~^^~!!!?????~^!7^!P?YYJJJJY5YJ?JYJ!^~7~!5Y77JPJ~^^^^^^^^?~^^^^!??7!^^^:..:^~~!!~^^!J55YY5GP55~J5               
                  :P~!GPYJYJ7~^~!7???7777!~~^~??7~^^^~^^^!!!^^7??!77!!~^:?^^^~:^7JYJ?5P7^^^^^^^^^^^^!^~?7!^^^^~!!!~~~!?Y55YJJ5GPY55~?G:               
                   ^P^!5P5?!7JYJ7!~~~!7????777!^^^^^^^^^^:^^~?Y?7~~!^::::::!7:~^^~~7YYJPJ^^^^^^!777!??7~!7!!~~~~!?J555YJJJJ5GPYYPY~?P:                
                    ~P~^YYPP?~~~!7???7!~~~~!77??77!!~^^^::::?~7^7!:7^:^^^:::^^!!^!~:^!JY5Y^^^^^~!JJ??7!!~~~!?J5555YJJJJJYPGPYY5P?~Y5.                 
                     :57:?YJ5PY!~^:::^!7????7!~~~~!!!77!!!!~!~~~^^^^^::::::::^^^!7~~~~~7YY7~!~~~~~~~!77?Y555YYJJJJJJJJ5GGP5Y5PY!7P?                   
                      .JY^^JYJ5P5J!~^:....:^~~!??????77!!!~~~~~~~~~~~~~~~~~~~~~~~~~~~~~~~!!77??JJJY5YJJJJJJJJJJJJJJYPGP5555PY7!Y5^                    
                        ^Y?^~JYJY5P5J!^::.........::^~~!!77?????JJJJJ???????JJJ???JJJJJJ???77!!~!?JJ?JJJJJJJJJJJYPGGP5Y555Y7!J5!                      
                          !Y?^~?YJJY5P5Y7~:....................::^~!!!!!!!!!!~~~~~~~~~~~~~~~~~!?JJJJJJJJJJJJY5PGGPYYY555J!!Y57.                       
                            ~JJ~^!JYJJJY5P5J7~::..................^~~~~~~~~~~~~~~~~~~~~~~~~!7?JJJJJJJJJJY5PGGP55YYY55J7!?YY~                          
                              ^?J7^^!?YYJJJY5P5Y?7~^:............:^~~~~~~~~~~~~~~~~~~~~!!7?J?JJJJJJJY5PGGPP555YYYYJ7!7YY?:                            
                                .~7J7~^~7JYYJJJY55PP5Y?7!~~^^^^^^~~~~~~~~~~~~~~~~~!!7??JJJ??JJY55PPGGP5555555Y?7!!?YY?^                               
                                   .~?J?!~^~7?JYYJJJJY555P555YYJJ??77!7777777???JJJYYYYYY5PPGGGPP55555555YJ7!!7JYJ7^                                  
                                       :!?J?7~^^~!?JJYYYJJJJYYY555555PPPPPPPPPPPPPPPP5YY55YYYYYYYYYJ?7!!!7?JYJ7^.                                     
                                           :~77??7!~^^^~!7??JJJJJJJJYYJJYYYYYYYYYYYYYYJJJJJ?77!~~^~!7?JYJ?!:.                                         
                                                :^!7????7!!~~^^^^^~~~!!!!!!!!!!!!~~~~^^^^^~~!7?JJJJ?!^:.                                              
                                                      .:^~!7???JJJJ?????77777777??????JJ???7!~^:.                                                     
                                                                 ..::::^^^^^^^^:::::..                                                                
                                                                                             ]
fried rice,non-spicy,asian,chinese [                                                                                                                            
                                                                                    !?JJJ!.                                                                                                             
                                                                            :~!~...JY7!!755.                                                                                                            
                                                                         !JJY77?YJ?J!^^~~!YJJ?.                                                                                                         
                                                           ^~^~77!???:  ^G?~^^~~!!!~~~!!!!!!!55                                                                                                         
                                                         .YJ7??!!7!!JP?J77!~!!7777777777777!~7PJ!~!!!!!!!!~~~^^^^^:::...                                                                                
                                               ~?^      ~5J~^~!!!!!!~~?G7~!777777?????JJ?777~^7GP55???7??7??55PGYJ5G555555J??77777~::.                                                                  
                                             ~Y55P7    ^5?~~!77777777!!??!!777?JYJ??J7!!J5JYJJ?^:^!?!??7??777^^^:::7!~!777~^^^^^:~YJ?P5J??7~^:.                                                         
                                            ?P555YPY~!?PY~!7777777777???JJJ?J?7?^:::^~^:^~^^~~!!7?!::::::^:::~77?7^:::::::::::^^!7J7^~7YJ5JYYJYYYJ7~^.                                                  
                                   !~.     7GYPY5YJYG5BJ!!777777777?J?~^^~^~!!^::!JYYG!77!~^YP5YY5PP7:::::^^:~??JY!::^^^^^:::^Y55Y5PY::^^!~~7?77?555YJJJ?!^.                                            
                                  :5557:.^7B555Y5YYJ?5B5~7777???JY557!!!!!!7!~^::~7J5B!:~!!~^!?YYJ?5Y777^^:::::::::^!!!?~:^^!!!777!^^:::^:::::::::~7Y7?~!?JYY?!^.                                       
                                  :P55YYPPJB5P5YYYYJ?7YGJ7?7!~~~~~~^^^^^~~!!7????!^:^!^~!~7!:::^::^???JJ^::::::::^^^^:::^^:~~!7^:::7?JY~:^^^::!~^:::^^?Y7~::^!?JYJ7^.                                   
                                .^JG5PJYYY5BP55Y5YY55Y?7~:.                    .^!?J7^::::::^^^^^^:::::::^^^::~7!^^^^^~~^::::::::::!7!~^::::~YGPYY^::::~!?Y7!^^:^~7JYJ!:                                
                              ^?YY?G5P55YJYJ5PG55PY7^.                             .~?7^:^:::::^::::^^^^^^^:^?5YB!:^~!!7^~!7~::^^^~::::^^:::^!~~^~^^^^^:^!!!7??Y!:::^!?5Y!:                             
                           .!YGP!~^5B5PYYYJJ?JPP7:          .:^^~~^^^^^:^^^:          :7~:::::::^~!~:::::::^YP5JGJ:^^:::~!^~^:^?YJ?::::::^^::::::::^::::~!J^:~!5?:^^^::^~J5J^                           
                         .7PJ~~YYYJJYYPP5YJYP5~         :7JJJ??!!!777????JYPY~          !?::^:^JJJJ!.:::^::?G5YYYJ^^^^^^::::::::^:::::^~^^^:7JJ~:^^:~7!!^::^^!?P~^:^^^^^::^75Y^                         
                        ~PY~::^?55P5J?JG5YYB?        .7YY?!^^^^:.^~~~~~~~~7?P^           75^:^^^7!~~7JJ^:^^^^^^^::^^^^^^:~!~!!!~^^^^:^!!7^::J55P!:^:~5PPP~:^~!!??J?:^^^^^^^::7PY.                       
                       ?G!::^^:!Y55YYYYGPPG!        !PY!^:....^~~~~~~~~~~~!!57            Y5::::7JJP55?:^^^:!Y5P7:^^:^^:~?~77!!??:^^^^:::^^:~PYYG7::::~!~^~~!!!!!J5:^^^^^^^^^:^JG^                      
                      JG^:^^:^~!7?Y5YJ77?G7        ?G!~^...:^~~~~~~~~~~~~~77P!            :BJ?J~::^^:::^^^::^!!~::^^::^^^^::.::::^^^^^::::^^:?5YYP7::^:^~!!7?J7!!PJ~^^^^^^^^^^^:?B^                     
                     ~B~:^^:~55YJJJJY5Y??5        ^B!~~~^^~~~~~~~~~~~~~~!!75J             .G577^:^^~~^^^^^^^:::::^^^^^^^^^:^:::::^^^^^7?!^:^:::::^^:^^~!!?Y5PBJ~?P77~^^^^^^^^^^^:YP                     
                     YP:^^^^^!7???7?G5YYP7        ~B~~~~~~~~~~~~~~~~~~!!?Y57              ^B7:::^~!7?~:^^^^^^^^^^^^^^^^^^^^:~77?!:^^^:^^!!::?Y?7^:^~~!!!!YYYJ7!!55!7!^^^^^^^^^^^:~#^                    
                     Y5:^^^^^::::::!Y???Y!         YP7!~~~~~~~~~~~!!7?YYJ!.              :JG^:::^^::::^^^^^^^^^^^^::^::::^^^7~^^~::^::::::::~7??^:~!!!!!!!!~?YJYJ!77!^^^^^^^^^^^:~#^                    
                     !B^:^^^^^^^^^^^~!!!J7.        :YPP5JJ????JJJYYYJ7~:               .:?B?7?J?^:^^^^^^^^^:^^^:::^?5J^:::^^::::^^^^^:::^:::::::^^!!!!!!!!!7YJ77!777~^^^^^^^^^^^:?G.                    
                      55::^^^^^^^^^^^~!77Y^.        .!!7~~~!!!~~^:.                  .:~YP?!!!!7^:^^^^::::::^^^^7J555G7:::^^^^^~!!!!~~~^^^^^^~~~~!!!!!!!!7PY?!!777!^:^^^^^^^^^^:!B!                     
                      .55^:^^^^^^^^^^:^!!JJ~:.                                     .:~J5J!!!!!!~~^^::::::::^^^:~???77~^~~~~~~~!!!!7?J5Y!!!!!!!!!YJJ5Y!!!!Y5!!777!~^^^^^^^^^^^::7G7                      
                        JP7::^^^^^^^^^^^^~7YJ!^:..                              .:~7YY7^^!!!!7?7!!~~~~^^~^^^:^^:::::^~!!!777?JJ7!?5JJP?!!!!!!!!!7??7!777?Y?!7!!~^:^^^^^^^^^::^YP~                       
                         ^Y57^::^^^^^^^^^::^!?JJ?7!~^:::....              ..:^~7JYBGJ?JY!!!!!7??!!!7??JJJY7~~~!~~~~!!!!7J??J?777!!!77!!!!!!!!!!!!!!77YJJ?7!~~^::^^^^^^^^^::~JP?.                        
                           ^Y5?~:::^^^^^^^^^::^~!?JJYYJJ?77!!~~~^^^^^^~~!7?JJJJJ7!7PPYYJ!!!7JJY5Y7!!!!!!!!!!!!!!!!!!!!!!!!!!!!!!!!!!!!!!!!!!!!7?JYJY?7!~^^^::^^^^^^^^^::^!Y57.                          
                             :7YY?~:::^^^^^^^^^::::^^~!7??JJYYYYJJJJJP5???77!!!!!!!!77!!!!!PP5Y5PG5!!!!!!!!!!!!!!!!!!!!!!!!!!!!!!!!!!!!!7!?JJJY?7!~^^^^^^^^^^^^^^^:::^!J5J~                             
                                ^7YYJ!^::::^^^^^^^^^::::^^^^~~!!!!!!!?JJ5J!7!!!!!!!!!!!!!!!!7??????!!!!!!!!!!!!!!!!!!!!!!!?!!!7777JYJJJYJJ?!!~^^^:::^^^^^^^^^^:::^~7YYJ!.                               
                                   :~?YY?!~^::::^^^^^^^^^^^^::^^^^^^~~~~7JJYY?77?YY!!!!!!!!!!!!!!!!!!!!!!!!!7J7!!77?YYJ??YYYJJJ??7!!!!~^^:::::^^^^^^^^^^^::::^~7JYY7^.                                  
                                       :~?JYJ?!~^:::::^^^^^^^^^^^^^^:::^:::^~!!!~~?J??Y??JY77?J777!!7!!!???J??J???77!~!!~^^^^^:::::::::^^^^^^^^^^^^::::^^!7JYYJ7^.                                      
                                           .^!?JYYJ?!~^^::::::^^^^^^^^^^^^^^:::::::^^^^~~~!77!!77?J?JJJJ7~^^:::^::::::::::^^^^^^^^^^^^^^^^:::::::^~!7?JYY?7~:                                           
                                                 :^!7JJYJJ?7!~^^^::::::::^^^^^^^^^^^^^::::::::::::^^:^^^:::^^^^^^^^^^^^^^^^^^^^^::::::::^^~~!7?JYYJ?7~:.                                                
                                                       .:^~7?JJJYJJ??7!!~~^^^::::::::::::::::::::::::::::::::::::::::::::::^^^^~~!!7??JJYJJ?7!~:.                                                       
                                                                .:^~!!7?JJJJJJJJJ????777!!!!!!~~~~~~~~~~~~~!!!!!7777???JJJJJYJJJ??7!~^::.                                                               
                                                                            ..::^^^~~!!!7777?????????????????7777!!!~~^^::...                                                                           
                                                                                                                                                                                                        
                                                                                                                                                         ]
chicken briyani,non-spicy,asian,indian [!!!!!!!!!!!!!!!!!!!!!!!!!!!!!!!!!!!!!!!!!!!!!!!!!!!!!!!!!!!!!!!!!!!!!!!!!!!!!!!!!!!!!!!!!!!!!!!!!!!!!!!!!!!!!!!!!
!!!!!!!!!!!!!!!!!!!!!!!!!!!!!!!!!!!!!!!!!!!!!!!!!!!!!!!!!!!!!!~~!!!!!!!!!!!!!!!!!!!!!!!!!!!!!!!!!!!!!!!!!!!!!!!!!!!!!!!!!!!!!!!!!!!!!!!!!!!!!!!!!!!!!!
!!!!!!!!!!!!!!!!!!!!!!!!!!!!!!!!!!!!!!77!!!!!!!!!!!!!~~!!!!!!!^~!!!!!!!!!~^!!!!!!!!!!!!!!!!!!!!!!!!!!!!!~^^^~!!!!!!!!!!!!!!!!!!!!!!!!!!!!!!!!!!!!!!!!!
!!!!!!!!!!!!!!!!!!!!!!!!!!!!!!!!!!!?YY55Y?!!!!!!!!!!!^~!!!!!!!!~!!!!!!!!!~^!!!!!!!!!!!!~~!!!!!!!!!!!!!^......:~!!!!!!!!!!!!!!!!!!!!!!!!!!!!!!!!!!!!!!!
!!!!!!!!!!!!!!!!!!!!!!!!!!!!!!7??77Y5555557!!!!!!!!!!!~~!!!!!!!!~~!!!!!!!!^~!!!!!!!!!!^~!!!!!!!!!!!!!: ........^~!!!!!!!!!!!!!!!!!!!!!!!!!!!!!!!!!!!!!
!!!!!!!!!!!!!!!!!!!!!!!!!!!!7Y555555555555?!!!!!!!!!!!!!~~!!!!!!!~!!!!!!!!~!!!!!!!!!!!^~!!!!!!!!!!!!~............:^!!!!!!!!!!!!!!!!!!!!!!!!!!!!!!!!!!!
!!!!!!!!!!!!!!!!!!!!!!!!!!!!J5555555555555?!!!!!!!!!!!!!!~~!!!!!!!!!!!!!!!!!!!!!!!!!!!^~!!!!!!!!!!!!^..............:!!!!!!!!!!!!!!!!!!!!!!!!!!!!!!!!!!
!!!!!!!!!!!!!!!!!!!!!!!!!!!!!JY555555555557!!!!!!!!!!!!!!!!!!!!!!!!!!~~^:^^!!!!!!!!!!!~!!!!!!!!!!!!^................~!!!!!!!!77!!!!!!!!!!!!!!!!!!!!!!!
!!!!!!!!!!!!!!!!!!!!!!!!!!!!!!!7??JYYY555J!!!!!!!!~~~~!!!!!!!!!!!~~^^^:::::^:^~!!!!!!!!!!!!!!!!!!!:................:~!!!!!7JY55Y7!!!!!!!!!!!!!!!!!!!!!
!!!!!!!!!!!!!!!!!!!!!!!!!!!!!!!!!!!!!!7?J7!!!!!!!!^^:::~!~~~^^^~^:.::::::::.:::::::^~~!!!!!!!!!!^. .........::::^~~!!!!!!75555557!!!!!!!!!!!!!!!!!!!!!
!!!!!!!!!!!!!!!!!!!!!!!!!!!!!!!!!!!!!!!!!!~~!~^:^~^:::^JJ?~::7JJ??~::.::^:::^^^::::::.:~~!777?7~.  ......:~~!!!!!!!!!!!!!Y555555YYYYY7!!!!!!!!!!!!!!!!
!!!!!!!!!!!!!!!!!!!!!!!!!!!!!!!!!!!!!!!!!~:^^::::::::::~!?7::7!^^~^^^::^^:^^^^::^::^^~!7?????????7^....:^!!!!!!!!!!!!!!!7555555555555?!!!!!!!!!!!!!!!!
!!!!!!!!!!!!!!!!!!!!!!!!!!!!!!!!!!!!!!!~~::^::::^^:::::...:.:::::^^^^^^^^^^^::::^!7???????????????J^..:~!!!!!!!!!!!!!!!!755555555YYJ?!!!!!!!!!!!!!!!!!
!!!!!!!!!!!!!!!!!!!!!!!!!!!!!!!!!!!!!7?~^^:::::::::^^::::::::::^^^::^^^^:^^^^!7???????????????????J!.:^^^^!77!!!!!!!!!!!7JJ???777!!!!!!!!!!!!!!!!!!!!!
!!!!!!!!!!!!!!!!!!!!!!!!!!!!!!!!7?YP5!7~^~^^:::::::::::::::::::^::^^^^^::^~7?????????????????????JY7:^:^^^^~JJJJJ?!!!!!!!!!!!!!!!!!!!!!!!!!!!!!!!!!!!!
!!!!!!!!!!!!!!!!!!!!!!!!!!!!!?Y55P5P?^^^^^^::::::::::::::::.:::::^^^^^^^!????????????????????????JY7:..:^^^!7????7!YY?!!!!!!!!!!!!!!!!!!!!!!!!!!!!!!!!
!!!!!!!!!!!!!!!!!!!!!!!!!!?5GBY!^^^^^^^!!~^:::..::7??7::^:::.::::::::::~~!??????????????????????JJY!^..:^^^^^^^^^JPBBPG5?!!!!!!!!!!!!!!!!!!!!!!!!!!!!!
!!!!!!!!!!!!!!!!!!!!!!!7YG####G5!^^^^^!JJJ^::.::::?YJ?^::::::::::::::^!77??????????????????????JJJJ~^:::::^^^^^^^^^~!?GB#GY7!!!!!!!!!!!!!!!!!!!!!!!!!!
!!!!!!!!!!!!!!!!!!!!!!Y5##BGYJ!^^^^^^^7?7~::::^:::^^::::::::::.:::^~^^^7??????????????????????JJJJ!^^::::::^^^^^^^::~JB#GB#GY!!!!!!!!!!!!!!!!!!!!!!!!!
!!!!!!!!!!!!!!!!!!!!?PJGBYJ7:^^^^~^^^::::::::::::^:::::^^^:...:::~?77!~7?????????????????????JJJY7^:::::^7JJ?~^^~^^^^~?P#5PPGG?!!!!!!!!!!!!!!!!!!!!!!!
!!!!!!!!!!!!!!!!!!!7GJBBJ!^^^^~7JJ~^^^^^^^:::::::^:::::~7JJ^:::::^^!7?J????????????????????JJJJJ!:::^^^^^^?J7~^^^~^^^^^~?7?GPGB?!!!!!!!!!!!!!!!!!!!!!!
!!!!!!!!!!!!!!!!!!!PJG#J!~^^^^7YYY?~^^:^^^^:....::::::::~~~^^^:::^?YJ????????????????????JJJ??7~^::^^^^^^^~^^^::^^^^^^^^?B5P#Y#P!!!!!!!!!!!!!!!!!!!!!!
!!!!!!!!!!!!!!!!!!!GY##P5Y~^^^^~~~^^::^^^~^:::^:::.::::::::^^:::^JYJJJJJJJJJJ???????????JJJJJ!^^:::..:::^^^^~.:^^^^^^^^~~YYP#Y#B7!!!!!!!!!!!!!!!!!!!!!
!!!!!!!!!!!!!!!!!!!G###BY5P7^^^^^^^::~^^^^^^^^^^^^::::::::::..::7YJ?JJJJJJJJJJJ??????JJJJ?77^:^^^^^:^^^^^::^^:^^^^^^^^^J5JYBB5#B!!!!!!!!!!!!!!!!!!!!!!
!!!!!!!!!!!!!!!!!!!J####G57^~7^^^^^^~~^^^^~~!!!!^^^^^^^^::::.:::J!^!JJJJJJJJJJJJJJJJJJYY?!^^:..:::::^^::^^^^^^^^^^^^^~Y?55G#PB#J!!!!!!!!!!!!!!!!!!!!!!
!!!!!!!!!!!!!!!!!!!!Y####BJ7Y57~^^^^~^~!?JYYYYYY7^^^^^^^^^^:.::^~.?YJJJJJJJJJJJJ7JJY?J?~::::::.^:^!!^^^^^~~~^^^^^^^JJJ55PBB###Y!!!!!!!!!!!!!!!!!!!!!!!
!!!!!!!!!!!!!!!!!!!!!?B####BP5YJ7!7~^!YYYYYYYYY?~^:::^^^^^^^^^^^.!YYYYYYYYYYYYYY!!J?!^^^^::~::.^^~JJ7^^^^^^^^^^^?YJ555PBB5G#G?!!!!!!!!!!!!!!!!!!!!!!!!
!!!!!!!!!!!!!!!!!!!!!7GB#####BGP5Y5YJ?JYYYYYJ7~^^^^^^^^^^^^^^^^^::!777777777777!^^^^^^:^^^^^::::^^^~~^^^^^^^^^~?Y555GB######Y~!!!!!!!!!!!!!!!!!!!!!!!!
!!!!!!!!!!!!!!!!!!!!!?BBBB######BGP55YJ?!~~~^^^^^^^^:^^^^^^^^^^^^^^^^^^^^~~^^^^^^^^^^::^:::::::::^^^^~J55?!~^!J5PGB######BBBP!!!!!!!!!!!!!!!!!!!!!!!!!
!!!!!!!!!!!!!!!!!!!!!?GBBBBBBB######BGGP5?^^^^^^^^^::^^^^^^:::::::^^^^^::::^^^^^^^^^^:^^^:::^^^^7J7~~^^~J55PPGB#######BBBBBBP!!!!!!!!!!!!!!!!!!!!!!!!!
!!!!!!!!!!!!!!!!!!!!!7PGGBBBBBBBB########PJY5?777~^:^^^^^^^^^^^^^^^^^^^^^^^::^^^^^^^^^^^^:^^^^~!Y5J77?YPBB########BBBBBBBBBBP!!!!!!!!!!!!!!!!!!!!!!!!!
!!!!!!!!!!!!!!!!!!!!!!5GPGGGBBBBBBBBBB###########BP5?~7?^^~!~^^^^^^^^^^^^^^^^^^^~7!7~!J?J?YY55PGGBBB#########BBBBBBBBBBBBBBBY!!!!!!!!!!!!!!!!!!!!!!!!!
!!!!!!!!!!!!!!!!!!!!!!?GPPPPGGGBBBBBBBBBBBBBB#######B##BYPBBBBY~?GP5YYYPP55PPPPPGBBBGBB###############BBBBBBBBBBBBBBBBBBBBBB?!!!!!!!!!!!!!!!!!!!!!!!!!
!!!!!!!!!!!!!!!!!!!!!!!YGPGGGPGGGGBBBBBBBBBBBBBBBBBBB##########B#####&#######################BBBBBBBBBBBBBBBBBBBBBBBBBBBBBB5!!!!!!!!!!!!!!!!!!!!!!!!!!
!!!!!!!!!!!!!!!!!!!!!!!!5GPPGGPPPPGGGGBBBBBBBBBBBBBBBBBBBBBBBBBBBBBBBBBBBBBBBBBBBBBBBBBBBBBBBBBBBBBBBBBBBBBBBBBBBBBBBBBBBBG7!!!!!!!!!!!!!!!!!!!!!!!!!!
!!!!!!!!!!!!!!!!!!!!!!!!!5GGPGGGGGGGPPGGGGGGBBBBBBBBBBBBBBBBBBBBBBBBBBBBBBBBBBBBBBBBBBBBBBBBBBBBBBBBBBBBBBBBBBBBBBBBBBBBBG7!!!!!!!!!!!!!!!!!!!!!!!!!!!
!!!!!!!!!!!!!!!!!!!!!!!!!!JPGGGGPPGGGGGPGGGGGGGGGGGGGBBBBBBBBBBBBBBBBBBBBBBBBBBBBBBBBBBBBBBBBBBBBBBBBBBBBBBBBBBBBBBBBBBBP7!!!!!!!!!!!!!!!!!!!!!!!!!!!!
!!!!!!!!!!!!!!!!!!!!!!!!!!!75GGGGGGGGGGPPPPPPPPPPPPPPGGGGGGGGGGGGGGGGGGGGGGGGGGGGGGGGGGGGGGGGGBBBBBBBBBBBBBBBBBBBBBBBBGY!!!!!!!!!!!!!!!!!!!!!!!!!!!!!!
!!!!!!!!!!!!!!!!!!!!!!!!!!!!!?5PGGGGGGGGGGGGGGGGGGGGGGGPPPPPPPPPPPPPPGPPGGGGGGGPPPPPPPPPPPPPPPGBBBBBBBBBBBBBBBBBBBBBB57!!!!!!!!!!!!!!!!!!!!!!!!!!!!!!!
!!!!!!!!!!!!!!!!!!!!!!!!7777777?YPGGGPPGGGGGGGGGGGGGPGGGGGGGGGGGGGGGPGGGGGGGGGPPPPPPPPPPPPPPPPGBBBBBBBBBBBBBBBBBBBG5J7777777!!!!!!!!!!!!!!!!!!!!!!!!!!
!!!!!!!!!!!!!!!!!!!!777????????77?JYPPGGGPPGGGGGGGGGGGGGGGGGGGGGGGGGGPGGPPPPPPPPPPPPGGPGGGPGGGBBBBBBBBBBBBBBBBBGPY?77?????????777!!!!!!!!!!!!!!!!!!!!!
!!!!!!!!!!!!!!!!!!!7??????????????77??J5PPGGGGGPPPPPPPPPPPPPGPPGGGGGGGGGPPPGGGGGGGGGGGGGGGGBBBBBBBBBBBBBBBBGG5Y?777?????????????7!!!!!!!!!!!!!!!!!!!!!
!!!!!!!!!!!!!!!!!!!!!!77777??????????777??JY5PPGGGGGGGGGGPPPPPPPPPPPPPPPPPPPPPPPPPPPGGGGBBBBBBBBBBBBBBGGP5J??77??????????77777!!!!!!!!!!!!!!!!!!!!!!!!
!!!!!!!!!!!!!!!!!!!!!!!!!!!!!!777777777777777??JJY55PPGGGGGGGGGGGGGGGGGGGGGGGGGGGBBBBBBBBBBBBBGGGP55YJ??77777777777777!!!!!!!!!!!!!!!!!!!!!!!!!!!!!!!!
!!!!!!!!!!!!!!!!!!!!!!!!!!!!!!!!!!!!!!!!!!!!!!!!!!!!7777???JJYYY555555PPPPPPPPPPPP5555YYYJJJ??777!!!!!!!!!!!!!!!!!!!!!!!!!!!!!!!!!!!!!!!!!!!!!!!!!!!!!
!!!!!!!!!!!!!!!!!!!!!!!!!!!!!!!!!!!!!!!!!!!!!!!!!!!!!!!!!!!!!!!!!!!!!!!!!!!!!!!!!!!!!!!!!!!!!!!!!!!!!!!!!!!!!!!!!!!!]
toast,non-spicy,asian,chinese [                                                        
                                                      ..:^~!!77??????77!!~^:..                      
                                                .:~7?YY55555YYYJJJJJJYYYY5555YY?7~:.                
                                 ...:::::::::~7J555YJ?7!!~~~~^^^^^^^~^~~~~~!!7?JY555J7~:            
                        ..^~7?JYY5555555555555PP55J?7!~^^~~~~~~~~~~~~~~~~~~~~~~~~~!7?JY5Y7^.        
                    :~7JY555YJJ?77!!!!!~~~!!!!!!7??JYYYYJ7!~~~~~~~~~~~~~~~~~~~~~~~~~~~~!?J5Y7^      
                :!?Y55YJ?!~~~^^^~~~~~~~~~~~~~~~~~~~~~~!7JY5J7~~~~!!!!!!~~~~~~~~~~~!~~~~~~~!7J5J^    
             ^7Y55Y?!~~^^^~~~~~~~~~~~~~~~~~~~!!!~!!!~~~~~~7J5J7!~!!!!!!!~~~~~~~~~!!!!!~!!~~~~!J57   
          :7YP5J7~^^^~~~~~~~~~~~~~~~~~~~~~~~!!!!!!!!!!!~~~~~7YY?!~!!!!~!!~~~~~~~!!!!!!!!!!!~~~~757  
        ^J55J7~^^^~~~~~~~~~~!!!!!!!~~~~~~~~~!!!!~~!!!!!!~~~~~!YY?!~!!!!!!~~~~~~~~!!!~~!!!!!~~~~~75^ 
      ~YPY?~^^~~~~~~~~~~~~~!!!!!!!~!~~~~~~~~~~!!!!~!!!!!~~~~~~7Y?7!~!!!!!~~~~~~~~~!!!~!!!!!~~~~~!Y? 
    :JPY7~^^~~~~~~~~~~~~~~~!!!!!!!~!!!~~~~~~~!~!!!!!!!!~!~~~~~!?J?!~!~!!!~~~~~~!!!!!!!!!!~!~~~~~!?? 
   !P57~^^~~!!!!~~~~~~~~~~~!~!!!!!!!!!~~~~~~~!!!!!!!!!!!!!~~~~!J??!!!!~!!~~~~~~~!!!!!!!!!!!~~~~~~?! 
  7PJ!^^~~!!!!!!!!~~~~~~~~~!!!!!~~!!!!!~~~~~~~!!!!!!!!!!!~~~~!?J?7!!!!!!!~~~~~~!!!!!!!!!!!!~~~~~7?. 
 ~P?~^^~~!!!~~!!!!!!~~~~~~~~!!!!!!!~~~!!~~~~~~!!!!!!!!!!!~~~!7???!!~~!!!~~~~~~~!!!!!!!!!!!~~~~!7!.  
 JY!^^~~!~!!!!!!!!!!~~~~~~~~!!!!!!!!!~!!~~~~~~~!!!!!!~!!!!~~~~~~!777!!~!!~~~~~~!!!!!~~!!!!~~!77^    
.5?~^~~~!~!~~!!!!!!!!~~~~~~~~!~~!!!!!!!!~~~~~~~!!!!!!~!!!!!~~~~~~~!7?7!~~~~~~~~!!!!!!!!!!!~~~!~!~   
.Y?~^~~~!!!!!!!!!!~!!!~~~~~~~~!!~!!!~!!!!~~~~~~~!!!!!~~!!!!~~~~~~~~~!7?!~~~~~~!!!!!!~!!!!!~~~~~~!~  
 ?J~^^~~~!!!!!!!!!!!!~~~~~~~~~~!!!!!~!!!~!~~~~~~!!!!!!!!!!!!~~~~~~~~~!7?!~~~~~~!!!!!!!!!!~~~~~~~~7^ 
 .Y7^^~~~~!!!!!!!!!!!!~~~~~~~~~~!~!!!!!!~!~~~~~~~!!!~~!!!!~!~~~~~~~~~~!?7!~~~~~!!!~!!!!!!~~~~~~~~~!.
  :?7~^~~~~~!!!~!!!!!!!~~~~~~~~~~~!!!!!!!!!~~~~~~~!!!!!!!!~!!~~~~~~~~~~777~~~~~~!!!!!!~~!~~~~~~~~~!^
   .~?7!~~~~~!!~!!!!!!!!~~~~~~~~~!~~!!!!!~!~~~~~~~~~~!!!!!!!!~~~~~~~~~~!777~~~~~!!!!!!!!!~~~~~~~~~!~
      :^!7~^^~~~!!~!!~~!~~~~~~~~~~~!!!!!!!!!~~~~~~~~~!!~~!!!~~~~~~~~~~~~!7?7~~~~!!!~!!!!!~~~~~~~~~!!
       ^!~^^~~~~!~!!~!!!!~~~~~~~~~~!!!!!!!~~!~~~~~~~~~!!~~!!!!!~~~~~~~~~~!77!~~~~!!~!!!~!~~~~~~~~~!!
      :7^^~~~~~~~!!~~!~!!!~~~~~~~~~~!!!!!!!!!!~~~~~~~~~!!!!!!~!!!~~~~~~~~~777~~~~!!!!!!!!~~~~~~~~~!7
      ^!^^~~~~~~~~!!!!~!!!!~~~~~~~~~~!!!!!~!!!!~~~~~~~~~!!!!!!!!!~~~~~~~~~~777~~~!!!!!~!!!~~~~~~~~~7
      :!^^~~~~~~~~!!~~!~~!~!!!~~~~~~~~~!!!~!!!!!~~~~~~~~!!!~~!!~~!~~~~~~~~~!7?!~!!!!~!!!!!~~~~~~~~~7
      .!^^~~~~~~~~~!!!!!!!~!!!~~~~~~~~~!!!!!!!!!!~~~~~~~~!!!!!!!~!!!~~~~~~~~777~~!!!!!!~~!~~~~~~~~~7
       ~!^~~~~~~~~~~!!!!!!!!!!!~~~~~~~~~~!!!!!~!!!~~~~~~~!!!!!!~!!!~~~~~~~~~!777!!!!!!!!!!!~~~~~~~~7
       .!^^~~~~~~~~~~!~!!!!~!!!!~~~~~~~~!!!~!!!~!!~~~~~~~!!!!!!~~!!!!~~~~~~~~77?!!!!!~~!!!~~~~~~~~~7
        ^!^^~~~~~~~~~!~!!!!!!!!!!~~~~~~~~!!!!!!!!~~!~~~~~~~!!!!~!!~~!~~~~~~~~!7?7~!!!~~!!~!~~~~~~~!!
        .!~^~~~~~~~~~~!!!!!!!~!!!~~~~~~~~!!!!!!!!~~!~~~~~~~!!!!!!!!~!~~~~~~~~!7?7~!!~!!!~!!~~~~~~~!!
         :7^^~~~~~~~~~!!!!!!!!!!!!~~~~~~~!!!!!!~~~!!!~~~~~~!!!!!!!!!!~~~~~~~~!7?7~!!!!!~~!~~~~~~~~!^
          ~!^~~~~~~~~~~~!!~!!~!!!~~~~~~~~~~!!~~!!!!!!~~~~~~~~~!!!!!!~~~~~~~~!7??!~!!!!!!!~~~~~~~~~!.
           !~^~~~~~~~~~!!!!~~!!!!!!~~~~~~!!!!!!!!!!!!~~~~~~~~~~~~~~~~~~~!!!7777~~~!!!!!~~~~~~~~~~7: 
           :7^^~~~~~~~~~!!!!!!~!!!!~~~~~~~~!!!!!!!!~~~~~~~~~~~~~~!!!!777777!!~~~~~~~~~~~~~~~~~~!!^  
            ^!^^~~~~~~~~~!!!!!~~~!!~~~~~~~~~!!!!~!!~~~~~~~!!!!!7777777!!!!!!!!!!!!!!!!!!!!!!!!~^.   
             ~!^~~~~~~~~~~~!!!!!~!!!~~~~~~~~~~~~~~!!!!!~~^::.................................       
              ~!^~~~~~~~~~~~~~!!!!~~~~~~~~~~~!!!!~~^:..                                             
               ~!^~~~~~~~~~~~~~~~~~~~~!!!!~~^::.                                                    
                ^!~^~~~~~~~~~~~~!!!~~^^:..                                                          
                 .~~~~~~~!!!!~~^::.                                                                 
                   .:^~~^^:..                                                 ]
pizza,non-spicy,western,italian [     .^~^.                                                
                                              :!!~!!:                                               
                                             ^!~^^^~!:                                              
                                            ^~^^^^^^~!:                                             
                                           ^!!!7!~^^^^!:                                            
                                         .~?YYYYYYJ~^^^!^                                           
                                        .~75YYYYYJ5J^^^^!^                                          
                                       .!~~JYYYYYYY7^~^^^!^                                         
                                      :!~^^^7?JJ?7~^~~~^^^!^                                        
                                     :!~^^7!^^~~^^~~~~~~~^^!^                                       
                                    :!~^^^?7~~~~77~~^~!7JYYJ?^                                      
                                   :!~^^^^??~~~~J?^~!?YYYYYYYY~                                     
                                  :!^^^^^~!!~~YJ^^^75JYYYYYYJ5J^                                    
                                 :~:::::^~^^~~~~~~~~JYYYYYYY5Y~!^                                   
                                :!~^:....:~~~~~~~~~~~7JYYJJJ7~^^!^                                  
                 :PY^          .!~^:.:^::^~^^^~~~~~~~^^~~~~~^^^^^!^                                 
                 .!YY.        .!~^^^^~~~~~^!?7^~~~~~^!?!^~~~~~~^^^!^                                
                    ^?!:     .~~^^^~~~~~~^!&BPJ:~~~^7&GP?:~~^757^^^!:                               
                      :!7!^:.~!^^~~~~~~~~^:J5Y~^~~~^^Y5Y^^~~~~!~~^^^!:                              
                         .^~7!^^~~~~^^^^~!7^::^^^^^^^:::!7~~~~~~~~^^^~:                             
                           :!^~?J??J7!?!~!!~~5P?7???JP7~!!~~~~^^^:^^^^~7!!!!~^:                     
                          .!~~Y5YYYYYYJ57^^~^!Y55PP5Y7~~^^~~^::...::^^^!:  .:^!77!^                 
                         .!~^75JYYYYYYJ5J^~~~^^~!!!~~^~~~!~~^..:..^^~^^^!:     .JP5.                
                         ~!^^~JYYYYYYY5Y!^^^~~~~^^!?~~~!??~~~^^~^:^~~~~^^!:                         
                        ^!~~^^^!?JJJJ?7~^!7!!~~~~^?Y~^!?7~~~~~~Y?~^^^^^~~!!:                        
                      .:!~~~~~~~^^^^^^^^^~!77777~^^^^^!7^^^^^^~7!^^~~~~~~~~~~^                      
                     .~~~~~~~~~~~~~~~~~~~~~~~~~~~~~~~~~~~~~~~~~~~~~~~~~~~~~~~!:                     
                     .~~~~~~~~~~~~~~~~~~~~~~~~~~~~~~~~~~~~~~~~~~~~~~~~~~~~~~~^                      
                      :~~~~~~~~~~~~~~~~~~~~~~~~~~~~~~~~~~~~~~~~~~~~~~~~~~~~~^                       
                       .:~~~~~~~~~~~~~~~~~~~~~~~~~~~~~~~~~~~~~~~~~~~~~~~~~^.                        
                          ..:^^^~~~~~~~~~~~~~~~~~~~~~~~~~~~~~~~~~~~~~~~^:.                          
                                  ....^?::^^^^^^^^~~~~~~~~~~!^^^^^::..                              
                                      .5                   !?                                       
                                       ?~                  Y:                                       
                                 ...:5PP5                 ^G5P7 .                                   
                                 ....::::.....  ...........::^:...                                  
                                                                                     ]
spaghetti,non-spicy,western,italian [               .:^~!!!!!~~^:.                                        
                                  .^!777777?JYYYYYYYYYY555YYJ?~:                                    
                               .~J55555YYY55YYJJJYYYYJJJJYJJYY55Y7^                   ..            
                            .~?Y5YJY5YJJJJY5JJJJJYJJYJJJJJJYYJJJY55Y?!~:.                           
                         :!JY55YJYYYJJJ555JJJJJJJJJYYJJJY55Y5555PYJYGGPP5Y!                         
                       :J5555P55JYYYYYJY5YJJJJYYYYJY5YJJY555YYY5YYJJY55555PY^^^.                    
                      !GPYJ5YJYP5YY555YYJJY5Y5PPP5YJJJY55JJJJJJJJJY5PP555P5YYYYY7!^..               
                .^~~~?57!?!~7?~7P5Y5555P55555PPPP555YYY55555555555P5555YYJYJY????JY!~!~^:.          
            :^~!~~^:~?~?7~7J~!Y^~Y!7???JYYJ??7!??JJJ5555YY5Y5PP5Y5Y?!Y~~J!Y7JJJYJ?7J^:^^~!!~:       
         :~!~^:::::^J^??7J^!Y~7J^!Y?J??????!^^7?7J^~?~~?77Y7?JJ??77!7Y7J7J!J?J!Y75!J!::::::^~!^.    
       ^!!^^^^:..:!5~!Y^7Y?^!J^J~^5??7??!?7?J?!7J~7J~~J?!5?7!~~7?7!?7~7JJ!7Y?7J7JJ7J^::::::^::~7^   
      !!:.~^::!:.~YY~J7~Y7J?7?7??7J??J77J^??7J?7!??~!J7!YY~!J?J!~7?!!?7!J??!?J!7J??^:::::::~!~::?^  
     ~7...7   7:..^7?J7!Y7!!!!!!!77777Y77J^7?!J7Y?7?J?J??J^J7J77Y!~?7^!?!?7!7!7?7~:::::::::::?::~7  
     !! ..^~. :~^: .:~!7??JJJ?????777775~J7^~!?7~!7777?JY~??7J^J7??~77~!7!7777!^::::::::::::^!:^?:  
      7~...:~^. .~~.....:^!??JJ?JJJ????J?~?7?7~!?7!!!7JJ!J?!Y~??~!7J777?77!~^::::::::::::^~~:^~7:   
       ^!^:..:^^^^^.^:.......:^~!7????77YJJ?77JJ77JJ?Y?7J?7J77?7777!!~^^:::::::::::^^^~~~~^~!!^     
         ^~~^:.... ~~!^.........  ...::::^^~~~~~!!!!!!!!~~~^^:::...::::::::^^^^~~~~~~^^^~!~^.       
           .:^~~~^::^:...:^^^^^::::........... .. ..............:...::^~~~~~~~^^^^~~!!!?7           
                ^??!~~~^^::::::::^^^^^^^^^^^^^^^^^^^^^^^^^^^^^^^^...::^^^^^~~~!!!!~~^:!7            
                  ~7~^^^~~!!!~~~~~^^^^^:::::::::::::::::::::::^^^~~~!!!!!!~~^^^:::::^7~             
                   .~!~::::::::^^^^^~~~~~~~~~~~~~~~~~~~~~~~~~^^^^:::...:::::::::::^!!:              
                     .^!~:..............................................:::::::^~!~:                
                        :~~~^:.........................................::::^~~!~:.                  
                           .^~~~^::..................................:^~~!~~^.                      
                               .:^~~~~^^^::::..............::::^^^~~~~^:..                          
                                     ..::^^^~~~~~~~~~~~~~~~^^^^::..                                 
                                                                     ]
burger,non-spicy,western,american [                                                                                                 
                                                                    ...::::::::...                                                                    
                                                           .:~7J5PGBBBBBB####B#BBBBGP5J7~^.                                                           
                                                      .^75GB##BGP5JYYJJJJJJJJJJJJJY55PGB###G5?^.                                                      
                                                   :?P##BP5YJ????~.~J??????????J!.^??????JJ5PB##P?:                                                   
                                                :?G&#PYJ??????JJJ!.!JJJJJJJJJJJJ7.~JJJJJ?JJ???JYP#&G?:                                                
                                              ^5&#PJ????J~^?JJJJJJ?JJJJJJ!^?JJJJJ??JJJJJJ!^?JJ????JP#&5^                                              
                                            ^P@#Y????JJJ?:.7JJJJJJJJJJJJJ: 7JJJJJJJJJJJJJ^ !JJJJJJ???Y#@P^                                            
                                          .Y@#Y??JJJJJJJJ7!?JJJ??JJJJJJJJ7~?JJJJJJJJ??JJJ7!?JJJJJJJ????Y#@Y.                                          
                                         ^#@P??~.7JJJJJJJJJJJJ?:^JJJJJJJJJJJJJJJJJJ?:^JJJJJJJJJJJJJ^:?J??P@B^                                         
                                        7@#Y??J^.7JJJJJJJJJJJJ7.:JJJJJJJJJJJJJJJJJJ?.:?JJJJJJJJJJJ?:.?JJ??Y&@!                                        
                                       ?@BJ?JJJ?7?JJJJJJJJJJJJJ7?JJJJJJJJJJJJJJJJJJJ7?JJJJJJJJJJJJJ?7JJJJJ?J#@7                                       
                                      7@#J?JJJJJJJJJJJJJJJJJJJJJJJJJJJJJJJJJJJJJJJJJJJJJJJJJJJJJJJJJJJJJJJJ?J#@!                                      
                                     ^@&J?JJJJJJJJJJJJJJJJJJJJJJJJJJJJJJJJJJJJJJJJJJJJJJJJJJJJJJJJJJJJJJJJJJ?J&&:                                     
                                     G@Y?JJJJJJJJJJJJJJJJJJJJJJJJJJJJJJJJJJJJJJJJJJJJJJJJJJJJJJJJJJJJJJJJJJJJ?5@P                                     
                                    !@B?JJJJJJJJJJJJJJJJJJJJJJJJJJJJJJJJJJJJJJJJJJJJJJJJJJJJJJJJJJJJJJJJJJJJJ??#@~                                    
                                    G@Y?JJJJJJJJJJJJJJJJJJJJJJJJJJJJJJJJJJJJJJJJJJJJJJJJJJJJJJJJJJJJJJJJJJJJJJ?5@5                                    
                                   .&&???JJJJJJJJJJJJJJJJJJJJJJJJJJJJJJJJJJJJJJJJJJJJJJJJJJJJJJJJJJJJJJJJJJJJ??J@B                                    
                                    5@PJ??????????????????????????????????????????????????????????????????????JG@J                                    
                                   ^7#@&#BBBBBBBBBBBBBBBBBBBBBBBBBBBBBBBBBBBBBBBBBBBBBBBBBBBBBBBBBBBBBBBBBBBB#@@G^.                                   
                                .JB&#GPP555555555555555555555555555555555555555555555555555555555555555555555PPGB##P!                                 
                               .G@GJJJJJJJJY5JJJJJJJJJJY5PPP5YJJJJJJJ5BBYJJJJJJJJJJJJJJJJJJJJJJJJJJJJY555YJJJJJJJJ5B@G.                               
                               !@#J5#G5YY5G&@GYJJJJY5G#&&#B#&&#BBBB#&&##@#P5YJJY5G#&###PYJJJJJJJJJ5G#&##&&#GGGB#BYJ?5@G                               
                               .JB##5P@&###GG#&####&&#GP555555PGGGGGP555PB#&###&&#GP5PB#&#GP5PPGB#&#G5555PGBBB@&P&#BB@5                               
                                  .  !@BY5YYY55PPPP55YY55555555YYYYY55555YY55PP55YY555YY5GBB##BBGP5YY55555YYY5@B .!??^                                
                                   :~5@&BBBBBBBBBBBBBBBBBBBBBBBBBBBBBBBBBBBBBBBBBBBBBBBBBBBBBBBBBBBBBBBBBBBBB#@&!:                                    
                                 7B#BPYJJJJJJJJJJJJJJJJJJJJJJJJJJJJJJJJJJYYYYYYYYYYYYYYYYYYYYYYYYYYYJJJJJJJJJJY5G#B5~                                 
                               .P@5~^~!?JY55555555555555555555555555555Y~^^^^^^^^^^^^^^^^^^^^^^^^^^^!J555555YJ?!^~?G@P.                               
                               !@G^!P&&&&##############################@&Y~^^~~^^~?YYJ!^~~~~~~~~~^~5&@#######&&&#Y~^J@P                               
                               .Y##&@#GGGGGGGGGGGGGGGGGGGGGGGGGGGGGGGGGG#@#57!!75#@&#&&P!^~~~~~~^!G@#GGGGGGGGGGG#@BJP@5                               
                                 :&@#GGGGGGGGGGGGGGGGGGGGGGGGGGGGGGGGGGGGGB&&#&&&BGGGGB@&5!^^^^~J&@BGGGGGGGGGGGGG&@&J~                                
                                  G@&GGGGGGGGGGGGGGGGGGGGGGGGGGGGGGGGGGGGGGGGGGGGGGGGGGG#&&GPPG#@#GGGGGGGGGGGGGGB@@Y                                  
                                  :B@@#BGGGGGGGGGGGGGGGGGGGGGGGGGGGGGGGGGGGGGGGGGGGGGGGGGGB####BGGGGGGGGGGGGGGB#@@P.                                  
                                    7B@@@@@@@@@@@@@@@@@@@@@@@@@@@@@@@@@@@@@@@@@@@@@@@@@@@@@&&&&&@@@@@@@@@@@@@@@&P!                                    
                                     ~@#555555555555555555555555555555555555555555555555555555555555555555555B@J                                      
                                     ~@B?????????????????????????????????????????????????????????????????????P@J                                      
                                     ~@B??JJJJJJJJJJJJJJJJJJJJJJJJJJJJJJJJJJJJJJJJJJJJJJJJJJJJJJJJJJJJJJJJJ??P@J                                      
                                     .G@P???????????????????????????????????????????????????????????????????Y&&^                                      
                                      .Y##BGPPPPPPPPPPPPPPPPPPPPPPPPPPPPPPPPPPPPPPPPPPPPPPPPPPPPPPPPPPPPPPG#&P^                                       
                                        .~?JYJJJJJJJJJJJJJJJJJJJJJJJJJJJJJJJJJJJJJJJJJJJJJJJJJJJJJJJJJJJJJ?!:                                         
                                                                                                                                                      
                                                                                                          ]
french fries,non-spicy,western [                    .^~.                                                                   
                                                                    .:^~~    !YJ77P:                                                                  
                                                                  !5Y?!!JJ: JYP777G?   !!!77^    :^~~.                                                
                                                       .~7??7~.  !P7YJ?7?GPJJ:5J7!G!  ?55?7?G..J5J7!?PY:                                              
                                                     .PG?~^!5BG:.P~::YG!7BJ5^^5~~7GJ7JY:!P7JY JB5Y???YB#^                                             
                                                 .~7?J&JJY5YJ~YPJ?:^:P5JPG5!:?J7GP7!!YP^Y?~YJ!G?:~Y#7!~BP   ..                                        
                                          ..    .GGY??BY:~G!~~~PB^^^~G7^!7GP^YJP!7P5?5B?J~7G7!B7^^!#!~~J&Y5JJJY?.                                     
                                        ^?7??7:  G!!5P7B!:J5~~~!B!^:5PY?7JGG~BG~:?B77B?Y7YY?Y5#J^^^B?~~7#755~^~YG^                                    
                               .^^^^: .JY~^^!G5?:P~:?G!5B!^5?~~~YG^~B~~?&?JP?B~:7B7!G?JY#G!^^J#&~^:GYJYB5::YBYYJB?                                    
                              !J!!!PP7Y@BJJJY57?5B~:JB5JJ5BYP!~~~B!!B^:?&!J#P~:7B7~P?7J55755B5Y&!^7BY??JY5Y#J~~JB.                                    
                             .PGY??P577?PP!::~YY7?5P&5JJYY#Y?5~~~YY?P::?B~YB~:?#PY5G?5~5G::7#~?&!P&5~~!?YP&G~~!#J                                     
                              .7G5?!!JY5Y5BY^::!YY?5G~YB!~B5:5JJP5JP#?:5P~57^PBG5J?JB#JJB^^7B~?#?#~?BB5Y?!#7~~?#:                                     
                                .!5PYYY5JJP&#J~^^~JPB^J#~~GP:J&P?7?5JB?BJ~PJ5&7^7JGG?5BGG^^!G~J#Y#^:GY~~~?#!~~GY                                      
                                 ~B?~~J#PJ!7G&5JYGP!#~7#!~5P:?P!7JG!~J&B!!#5!B?:^:JP~J#55:^7G~Y#J#^^BY~~~J#!~7#:                                      
                                .BB!7?BJ!YPG#J77YBGPB!^B?~J#~:57::7Y!~BG~?G!!BJ:^^?G~JBPJ:^JG~5BJ#^^BJ~~~Y#!~GJ                                       
                                .BB777Y5!~7&J!77JP!#&~:GY~?BY~!BJY5?5!?BYPPJJP5!^^?G~JBG7^:5G~PG?#^^#?~~~5#~JG.                                       
                                 ~#7:^^?P7~GJ:^^:P57#?:PP~7BP#Y7!!J5JP7BB?!~~^Y&!:!B7Y#B!^:GG~PG?B:!#!~~~5#!B~                                        
                                  ~B?:^:!5Y7B~^^^~BJ?B^5G~!&Y?5Y???YB7G#!7JY5B5PJ:7#BPB#7:^BP~5&GBY5#!~~~J&PG                                         
                                   :PJ^^^^?5PP^^^^!B!555G~?B^:^!5G77#~~#!:^^:YY?PJ5JG:^7YY~#P7B?^^!?B#7~~J@@&:                                        
                                    .55^^^:!P@5:^^:?P!BBP~PY:^^:PJ~?&~:55:^^:?G!#Y~~B57!~GYB55&5YJJPBPB75&#&@^                                        
                                      YB~:^^^5@Y:^^:5?J@57#~^^^^#7~?&!:7B^^^^7#!B?!PPJJ5&Y~#Y7B?7JJPB!P@&BP#@!                                        
                                       J#7:^^:7#J:^^~G!GPGY:^7YYBBYY&P!^#!^^^~B!GGBY~~!G?:^#Y~GB^:::P&&#GPPB@7                                        
                                        !B?:^^:7&7^^:JP!G&~^P5~^:GP5B5GJBJ:^^^G!P#7~~?B?:^^#Y~B#P:^?#&BPPPPB@J                                        
                                        Y&&5?~^:JB^^^^PJGP:^#?^~!PG!~?5#@G::^^G?5P~!YG#~^^^#J!#?G5G@#PPPPPPG@5                                        
                                        J@GG##B57GY:^^~B@7^^?BGJ???5PJ!!JP5J~:G5YP7BY!#7^^~#?!#5B@#GPPPPPPPG@P                                        
                                        .#B??J5B@&#J~^:?#^^^^~5G?~::!5GY!~!JP5BG?#PB!~GY::~#Y5@&#GPPPPPPPPPG@G                                        
                                         ?@Y???J&BB&&BYPG^::::GY?GP?^:~JP57~~75GPB7B!~JG~?P@&#BGPPPPPPPPPPPB@B.                                       
                                         .#B?JJJ##PPGB#&&BPY?J#!7BJYPJ^::755?~~~?5PB?YG&#&#GPPPPPPPPPPPPPPPB@#.                                       
                                          J@Y?J?G&GPPPPPGGB##&&##&GPG&#YYYYG&#GGBB&&##BGGPPPPPPPPPPPPPPPPPPB@#.                                       
                                          ^@B?J?Y@BPPPPPPPPPPPPGGGBBBBBBBBBBBBBBGGGPPPPPPPPPPPPPPPPPPPPPPPPB@B.                                       
                                           5@Y?J?B&PPPPPPPPPPPPPPPPPPPPPPPPPPPPPPPPPPPPPPPPPPPPPPPPPPPPPPPPB@B.                                       
                                           ^@B?J?5@GPPPPPPPPPPPPPPPPPPPPPPPPPPPPPPPPPPPPPPPPPPPPPPPPPPPPPPPB@G                                        
                                            P@Y??J#BPPPPPPPPPPPPPPPPPPPPPPPPPPPPPPPPPPPPPPPPPPPPPPPPPPPPPPPB@P                                        
                                            ~@G?J?G&PPPPPPPPPPPPPPPPPPPPPPPPPPPPPPPPPPPPPPPPPPPPPPPPPPPPPPPB@5                                        
                                             B&J??Y&GPPPPPPPPPPPPPPPPPPPPPPPPPPPPPPPPPPPPPPPPPPPPPPPPPPPPPPB@5                                        
                                             ?@5?JJ#BPPPPPPPPPPPPPPPPPPPPPPPPPPPPPPPPPPPPPPPPPPPPPPPPPPPPPPB@5                                        
                                             :&B?J?G&PPPPPPPPPPPPPPPPPPPPPPPPPPPPPPPPPPPPPPPPPPPPPPPPPPPPPPB@5                                        
                                              P@J??Y&GPPPPPPPPPPPPPPPPPPPPPPPPPPPPPPPPPPPPPPPPPPPPPPPPPPPPPB@P                                        
                                              7@P?J?##PPPPP55PPPPPPPPPPPPPPPPPPPPPPPPPPPPPPPPPPPPPPPPPPPPPPB@5                                        
                                              :&B?J?5&PPPPP5JPPPPPPPPPPPPPPPPPPPPPPPPPPPPPPPPPPPPPPPPPPPPPPB@5                                        
                                               P@J??J&BPPPPPJYPPPPPPPPPPPPPPPPPPPPPPPPPPPPPPPPPPPPPPPPPPPPPB@Y                                        
                                               7@P?J?G&PPPPP5?5PPPPPPPPPPPPPPPPPPPPPPPPPPPPPPPPPPPPPPPPPPPP#@Y                                        
                                               :&#???J&GPPPPPJJ5PPPPPPPPPPPPPPPPPPPPPPPPPPPPPPPPPPPPPPPPPPPB@J                                        
                                                5@Y???G&PPPPPY?J5PPPPPPPPPPPPPPPPPPPPPPPPPPPPPPPPPPPPPPPPPPB@J                                        
                                                !@G?J?J&BPPPP5J?JYPPPPPPPPPPPPPPPPPPPPPPPPPPPPPPPPPPPPPPPPPB@J                                        
                                                .#&JJJ?P&PPPPPJ?J?YPPPPPPPPPPPPPPPPPPPPPPPPPPPPPPPPPPPPPPPPB@J                                        
                                                 P@5?J?J&BPPPP5????YPPPPPPPPPPPPPPPPPPPPPPPPPPPPPPPPPPPPPPPG@5                                        
                                                 7@B?JJ?P&PPPPPJ?J??5PPPPPPPPPPPPPPPPPPPPPPPPPPPPPPPPPPPPPPG@P                                        
                                                 :&&J???J&GPPPP5???J5PPPPPPPPPPPPPPPPPPPPPPPPPPPPPPPPPPPPPPP&#.                                       
                                                  G@Y????BBPPPPP5JY5PPPPPPPPPPPPPPPPPPPPPPPPPPPGGGBBBB####BB&@:                                       
                                                  ?@P????P&PPPPPPPPPPPPPPPPPPPPPPPGGGGGBBB#####BGP5JJ?7777?JJ7                                        
                                                  :#&J???Y&GPPPPPPPPPPPPPGGGBB##BBBGGP5YJ?7!~:..                                                      
                                                   ~B&GYJ?#BPPPPPPPGGBB###G5J7~::..                                                                   
                                                    .!5B&BB&PGBB###BGPY7^:                                                                            
                                                       .~Y#@&#P?!^:.                                                                                  
                                                          .^~.                                                                                        
                                                                                                                                                      
                                                                                       ]
steak,non-spicy,western [                                                                                                 
                                                                    ...:::^^^~~~~~~~~^^^:::::::::...........                                          
                                                         .:^~!!7??JJYYY55PPPPPPP555555555555555YYYYYYYYYYYYYYJJJ?7!^:.                                
                                                   .:~!?JY55PPPPPPP555PPGP555555555555555PPPPPPPP5555P55555555555555YY?!~:.                           
                                               .:~?JYY555P555YYYJJJJJJJYPGP5555555555YYJJJYPPP555555PP555PPP555PPP55555555Y?!^.                       
                                            .^!?YY55PPPP5YYYJJJJJJJJJJJYY5PGGGG5YJJJ???????JPGPPP5YJJJ??J5555555555PPPP5555555J7~:                    
                                         .^7JYYY5555YYYYJJJJJYP5YYYJJJJJ??JJY5PG5J????JJY5PGPPY5PP5J????JY5PP55555PPP55P5YYJJJJJJJ?^                  
                                      .^!JYYYYY5555555555YY5Y5G5?JJJYYJJJJJJYYYPGPY555PPGGPYJJ??JYPPJ?JYY55PPPPPPP5YJJJ5555PP5YYYYYY7                 
                                    :!?YYYY55PPPPPPPPPYYYYJJ?J5P555555PPPPP5YYYYYPGG55YYJJ????????JPPPPPYYJJJJPPJ??JJYYYY555PP5YYYY5P?:               
                                 .~JY555PPPPPP55YY5P5??????J??J5GGPPPGGPP55Y?????JYPPP5YYJ????JJY5PP5Y5P5J????YPY?JYYYYY5PPPPPPY55PP5YJ^              
                               .~JJYYYYY55555YYYYYPPPYJJ??????Y5PGGGGGGP5555J???J???JJYPGP5Y55PPPP5JJ??J5PJ?J?YPPJYYYYY5PPPPPPPPP55JJJJY~             
                             .~?JJ????JY5555YYYYYYY55PPP5YJY55PGGPPP55PGPP5Y?????????JYPPPPPPPPYJJ???????5P???J5PPP55PPP55YYYJJJJJJ???JYY^            
                           :!?JJ????JY555555YYYY5555PPPPPPPGP55YY555555PGGPYJJYYYY55PPPPPPPPGGP55YJ??JYYY5P5YYYY5PPPPPPYYJJ????????JJJYYY!            
                         :!?JJ????JY5555555PPPGGGPPPP555Y5PPY????Y5555555PGPPPPPP555YYYYYYYYYY55PGPYYPPPPPPPP5PP5555YPP5YJJJJJJJJJJJYYYY5^            
                      .^7?J??????Y55555PPPPP55YYYYYYYYYYYY5PP5YJ?J5555PPPPPPPPGYJ?????JYYYYYJJJY5PGPGP5YYJJJJJJ55YYYYYP5YYYYYYYYYYYYYYY5J             
                    .~?JJJJJJJYYYPPPPPP55YYYY5YYYYYYYYYYYYYYY5PP55PPPP555YYYYYPPY?????JYYY55PPPP5YYJ5PPPPP5YJJYY5YYYYYY5YYY555PP555Y5PP5:             
                  :7Y5PPPPPPPPPGGPP55YYYYYYYPGGGPP555555555YY55PGPPP5YYJJJYYYYYGPJ??JJ55PPPP5YJJ?????JY55PPGP5YYYYYYYYY5PPPP55YYYY5PPPP!              
                :YPP5YYJJJJJY55PPP5YYYYYYYYYY5PPGGGPPPPPPPPPPPP5YY5PP5JJYYYYYYYPPYY5PPPPP5YYJJJJJ???????JJYY5PP5YYY5PPPP5YYYYYYYPPPPPP5.              
               !P5JJ?????JJYY555PPP5YYYYYYY555PPPPPPPGP555YJJJJ??JYYPPYYYYY555PPPPPGPYJJYYYYYJJYYJ??J??JY55PPPGGGGGG5YJJJYYYYY5PPPPPPPY               
             :YPGY??????JYYYY5555PPP5Y555PPPPPPP5555GGPYYYJ??????JYY5PPPPP55555YYYY5GPJ?JJYYJYYYYYJ???YPGGPPYYYYYY5PPYYYYYYYYPPPPPPPPP?               
             JP?PPJ?J??JYYYYY55555PPPPPPPPP555555555PGG5YYYJJJY55PPP555PP5YYYYYYYYYYPGPJ??JJYYYYYJ??YPGP5YYJ???????J5PYYYYYYPPPPPPPPPP~               
            :GY?JG5??J?JJYYY5PPPPPP555PPPYYYYYYYYY555PGG5YY5PPPP5YJ?JJYYY5PP5YYYYYYY5GG5JJJJYYYYYJYPP5YYYYYYYJJJ????YGPYYYYPGPPPPPPPPJ                
            !GJ??YG5J?JYY5PPPP55YYJJYYY5PPYYYYYYYYYYYYPGGGGP55YYYJJ??JYYYYYPP5YYYY55PPPP5555555555YJJ??YYYYYYYYJ???JYY55YYPGPPPGP5Y7^                 
            7G????JPPY5PP5YJJJJJJYYYYYYY5PPYYYYYYY55PPPPPPPGPPYYYYYJJJYYYYYYPP555PP5YYYYJ???JYYYYYJJJ??JYYYYYJJJ??JYYYY5PPPPGGPY!:                    
            7G??????5PGPJ???????JJYYYJJJJ5PP555PPPPPP55YJJJY5GG5YYYYYYYYYYYY5PP5YJ???JYJJ??JYYYYYYYYJ???JYYYYJJJJYYY55PPPPPG57:                       
            !GJ??????JYYJJ????JJ?????JJY5PPPPP5YJJJJJJJ??????YPGYYYYY55PPPP5YJJ???J?JYYJ??JYYYYYYYYYJ?JYY55555PPPPPPPPPPPG5!.                         
            ^GY???????77JJYYJJJ??JJY5PPPP555PP5JJ?JJJYYYJJJ???5GPPPPPP5YYJJ?????J??JJYJJJJYYYYYYYYYYY5PGGGGGPGGGPPPPPPPGG?.                           
             YP?????777!!77?JYYY5PGGPP5YYYYYY5PPP5YYYYYYYYY5PPPPPGGPY????????JJJJJJYJJ?JJYYYYYYYY55PPPPPPPPPPPPPPPPPPPG5~                             
             :PP?7????7777!!!!77?JYPGGP5YYYYYJJYY5PPYYYY5PPP5YJYYY5PGYJYYY55555YYYJJ??JYYY555PPPPPPPPPPPPPPPPPPPPPPGGP?.                              
              :YGY7!!7777777777!!!!7?YPGGPYYJJJYYYYPP5PP5YJJ????JJYY5PP5YYYYJJJJJJ??JYPPPPPPPPPP555PPPPPPPPPPPPPPGPY7:                                
               .!5P5?7!!!7777777777!!!7?YPP5YYYY55PPPP5YJJJYJ????JYY55J???????????J5PPPPPPPPPP55PPPPPPPPPPGGPP5Y7~:                                   
                 .~JPPY?7!!!7777777!7??77?JPPGGGGGPY5P5JYYYJ??JY5555YJ????????JJY5PPPPPPPPP555PPPPPPP55YYJ?7~:.                                       
                    .!JPP5J7!!!777??????????JYPPGGPPPGP55YYJJ5P55YJJ??????JJY55PPPPPPPPPP555PPPYJ7!~^:..                                              
                       .^?5P5J7!!!77????????????JYY55PPGGGGPPPJ????JJJYY55PPPPPPPPPPPPP55PP5?~:.                                                      
                           :75PPY?777??????????????????JJY55PGPYY5PPPGGGPPPPPPPPPPPPP55PPY!.                                                          
                              :7YPP5YJ??????????????????????JYPGGGGGGGPPPPGGPPPPPPPPPP5?^                                                             
                                 :!J5PPPP5YYJJ?????????????????JPGGGGGGGGGGGGGGGGGP5J!:                                                               
                                     .^~7JY5PPPP55YJ????????????JGGGGGGGGGGGGP5J?!^:                                                                  
                                            .:^!7JYPPP5J????????JGGGGGGGGPY7~:.                                                                       
                                                   .^!YPPPYJ???JPGGGGGPJ~.                                                                            
  :!:                                                  .^7YPPPPGGGGP5?:                                                                               
  ~7^                                                      .:~~!!~^:.                                                                                 
  ~7:                                                                    ]
mushroom soup,non-spicy,western [...........................................
........................................................................................:^^^~~^^....
....................................................................................:^~~~~~~~^^!^...
.................................................................................:^~~~^^^^^~!!!~:...
..............................................................................:^~~^:::^!777!~^:.....
...................................::::::::::::.............................:^~~^:^~!!!!~^:.........
.......................:::^^^^~~~~~~~!!!!!!!!!!!!!~~~~~~~^^^:::::........:^~~^^^~!!~^:..............
.................::^^~!!77777?77??7???????7???????????????777!!~~^^:::.:~~~^~~!~^:..................
.............::^~!!77777????????????????????????????J?????????????77!~~~~~~~^:......................
..........::^~!7?????????7777777777!!!!~^^~~~~^^^^^~!!!!77????????77!!!7J?!:........................
........:^~!7??????7!!!~~~~~~^~~~~~~~~^~^:::^^^^~!!~~^~~~~~~~~!!77!!7?YPY?!~^.......................
.......^~!7????7!~~~~!!!!~^^^^:^^^^^~^^!7^^^^!!~!!!~^!7!~!J7~~~!!!7?Y5P5JJJ7!^......................
......^~7???7!^^^~!77!!~^::::^~!!!~^^~^^~!~^^~^~~^^^^~!~^^~~!!!!?JJ?77!7JYJJ7!^.....................
.....:~!???!^^^~~~~7!^:::::::^7????~^^^^!!^:^^^~!~^^^^^^^:^7!!???7~^~?7^^!YJJ!~.....................
.....~~!J7~^~~~!!^~7^::^~!!!~^^~~~~~~^^^^~7~^^^^:::::::^^^^!!!!~^^^^~~^^^^!YY!~:....................
.....7!!?~~!?!!~^^!!^:^?JJJ?~~~~~~~^^~!~^^!~~^:~!7?7::::::^~~~^^^7?!7?~~~~^7Y~7^....................
....:J7~7~77!~^^^^!7!^^~7!!7~^^^^^^~~~^^^^:~7~~?JYJ!:::::::~7~^^^~!!~~~!!~^!!!?:....................
....:??7!!~^~7^~~~~~!!!~~~~~^^~~^^^^^^~!~^^~!!7!~~^:^~!7??~:7!!!~~~!!~~~!!!!!??.....................
.....????!!!!~~~~~!JJ!~~~~^^^~7!!^^^^^~7!^^^~!~^::^~!7?7~~^^7777!!~!!~!!7!!7?J!.....................
.....!J????7!!!!!777!~~~~!^~^~!!~~~~!!~~^^^^!!~~~~~~~^~!~~~~~~~~~!!!!!!!!????J^.....................
.....~YJ??J????7!!!!!!!!!!!!!~~~~~!~7J7~~~~~~~~~~~~~^~~~~~!!!!!!!!!!!7?JJ????7......................
.....:YJ?J?????????77!!!!!!!!!!!!!7777!!!!!!7!!!!!!!!!!~~~~!!!!77??J?????????^......................
......7YJJJ???????????????777777!!!!!!!~~~~!!!!!!!!!!!!!!!7???JJJJJ???????JJ!.......................
......:YJ?JJJJJJ???????????J???JJJJJJJJJJJJJJJJJJJJJJJJ???JJJJJJ??????J?????:.......................
.......^JJ?JJJJJJJJJJJJJJ????JJJJJJJJJJJJJJJJJJJJJJJ?????JJJ???????JJJ???J?:........................
........:JYJ?JJJJJJJJJJJJJJJJJJJJJJJJJJJYJJJJJJJJJJJJJJJJJJJ????JJJ??J??J?:.........................
..........75JJJJJJJJ?JJJJYJJJYYJYYYJJJJJJYYYYYYYYJJJJJJJJJJJJJ?JJ????JJJ7:..........................
...........~J5YJJJJ??JJJJJJJJJYJJJYYYYYJJJJJJJYYYJJJJJJJJJJJJ???????JJ?^............................
............:!J5YYJJJJJJJ??JJJYYYYYYJYYYYYYYYYYYYJJJJJJJJJJJJ?????J?7^..............................
...............^7JYYJJJJJJJJJJYYYYYYYYYYYJJJJJJJJJJJJJJJ???????JJ?!^................................
..................^~7??JYYYYYYYYYY55555YYYYYYYYJJJYYJYJJJ777???!^:..................................
.....................::^!?JY5555P5PP5555555555555Y5YYYYJJ?7!~^:.....................................
...........................::^~~!77???JYYYYYYYYYYJJ??7!^^:..........................................
.............................................::::...................................................
......................................................]
